umur,gender,rata2_tidur_hari,rata2_belajar_hari,rata2_bermain_game_hari,rata2_buka_sosmed_hari,jumlah_kopi_hari,jumlah_matcha_hari,jumlah_ukm,jarak_kampus_km,asal_sekolah,rata2_olahraga_hari,memiliki_laptop,bekerja,ipk,ipk_group
20,female,6.4,3.9,4.1,2.8,1,2,2,2.4,SMA,1.7,1,0,3.37,baik
18,male,5.9,6.1,1.0,1.1,2,2,2,4.3,SMA,0.6,1,0,4.0,sangat baik
20,female,5.9,4.9,4.9,2.4,0,2,2,5.1,SMK,0.1,1,1,3.09,baik
18,female,4.7,4.2,3.7,2.8,2,2,1,10.4,SMA,0.4,1,0,3.25,baik
19,female,5.6,3.9,4.9,3.3,1,1,1,23.2,SMA,1.5,1,0,3.06,baik
18,male,5.2,4.4,4.3,2.1,0,0,0,20.3,SMK,0.1,1,0,3.11,baik
20,male,6.4,6.5,3.9,3.3,0,1,2,16.6,SMA,1.8,1,0,3.86,sangat baik
19,male,5.5,6.6,3.6,3.7,0,2,0,24.3,SMK,1.7,1,0,3.6,sangat baik
19,female,5.5,5.6,2.7,1.1,0,2,2,22.5,SMA,1.0,1,0,4.0,sangat baik
20,male,6.3,4.1,1.3,1.9,1,1,1,20.4,SMK,1.3,1,1,3.71,sangat baik
19,female,5.5,4.6,1.5,2.1,1,0,0,6.5,SMK,0.9,1,1,3.82,sangat baik
18,female,5.5,6.5,2.1,1.7,2,1,0,10.7,SMK,0.1,1,0,4.0,sangat baik
20,male,5.5,4.5,2.1,1.1,0,1,1,10.9,SMA,0.1,1,0,3.73,sangat baik
19,male,7.0,4.2,3.7,3.3,2,0,2,20.3,SMK,0.9,1,0,3.62,sangat baik
20,female,4.3,7.2,2.3,1.6,0,2,2,6.3,SMK,1.4,1,0,4.0,sangat baik
18,male,6.0,6.7,1.8,2.6,1,2,2,16.8,SMA,1.6,1,0,4.0,sangat baik
19,female,7.0,7.8,3.2,3.6,2,0,0,9.4,SMK,1.5,1,1,4.0,sangat baik
20,male,6.8,6.9,3.7,2.7,1,0,2,24.4,SMA,0.6,1,0,4.0,sangat baik
20,male,6.0,4.1,3.8,1.7,0,2,2,16.8,SMK,1.1,0,0,3.25,baik
19,male,6.9,5.4,4.6,2.3,0,1,0,14.8,SMK,1.0,1,0,3.64,sangat baik
20,male,5.7,6.8,1.2,4.0,1,0,1,23.0,SMA,0.7,0,1,3.72,sangat baik
20,male,6.9,3.4,2.2,1.6,0,2,1,14.4,SMK,1.9,1,0,3.78,sangat baik
19,male,5.8,8.0,1.6,2.6,1,1,0,21.4,SMA,0.3,1,0,4.0,sangat baik
19,female,6.6,7.6,3.0,2.5,0,0,1,20.1,SMA,1.8,1,0,4.0,sangat baik
19,male,5.3,6.4,2.3,1.5,1,0,1,15.2,SMA,0.1,0,1,3.73,sangat baik
18,female,6.5,4.4,4.9,2.4,1,0,1,14.0,SMA,1.3,1,1,3.25,baik
19,male,5.0,7.0,2.1,2.3,2,1,0,5.4,SMK,0.2,1,0,4.0,sangat baik
19,female,6.1,6.3,2.1,3.9,2,2,0,15.7,SMA,0.8,1,0,3.95,sangat baik
18,male,4.4,4.7,1.4,1.3,1,1,1,17.9,SMK,0.9,0,0,3.56,sangat baik
19,female,5.9,3.2,4.8,3.7,2,1,1,23.4,SMK,1.0,1,0,2.86,sedang
20,female,6.8,7.3,3.5,3.4,1,2,0,12.0,SMA,1.1,1,0,4.0,sangat baik
18,female,6.0,4.9,3.7,2.0,2,0,2,3.8,SMA,1.4,1,1,3.61,sangat baik
18,female,6.4,4.4,1.7,3.3,2,0,2,10.9,SMA,0.7,1,0,3.79,sangat baik
18,female,4.7,4.9,3.1,2.5,0,1,0,22.5,SMA,0.8,0,1,3.0,sedang
18,male,5.0,7.8,4.8,2.7,0,0,0,8.0,SMK,0.7,1,0,4.0,sangat baik
18,female,5.5,7.9,5.0,1.2,2,2,0,9.4,SMA,0.2,1,0,4.0,sangat baik
18,female,4.3,3.4,3.8,1.2,1,2,1,4.5,SMA,1.0,1,0,3.26,baik
18,male,6.3,4.9,1.3,3.3,1,2,2,7.0,SMK,0.7,1,0,3.73,sangat baik
19,male,5.4,3.3,1.5,1.4,0,2,0,17.3,SMK,0.5,1,0,3.5,baik
18,female,6.9,3.1,4.9,1.1,0,1,0,24.8,SMK,0.1,1,1,3.02,baik
19,female,4.5,4.1,2.2,4.0,1,1,2,22.6,SMA,0.1,1,1,2.78,sedang
18,female,4.8,3.9,2.9,2.1,1,0,0,7.2,SMK,0.9,0,0,3.23,baik
18,female,6.4,6.4,1.7,3.7,0,1,1,11.0,SMA,1.2,1,0,3.99,sangat baik
18,male,4.1,4.9,4.2,4.0,0,2,0,19.0,SMK,0.8,1,0,2.9,sedang
18,male,5.4,5.1,2.1,1.2,1,0,0,25.0,SMA,2.0,1,0,4.0,sangat baik
19,female,4.8,4.4,1.8,3.6,1,2,2,17.1,SMA,1.0,1,0,3.17,baik
18,male,5.7,5.8,4.5,2.2,2,2,2,19.1,SMK,1.2,1,0,3.95,sangat baik
19,male,5.7,3.5,3.9,2.6,0,2,1,15.9,SMA,1.7,1,0,3.0,sedang
18,female,5.5,4.3,2.8,3.9,0,1,0,6.0,SMK,1.2,1,0,3.28,baik
20,female,4.4,6.2,1.7,2.0,2,2,2,17.0,SMK,0.3,1,0,3.97,sangat baik
18,female,5.0,4.7,1.1,2.6,0,0,1,22.5,SMA,0.3,1,0,3.49,baik
19,female,4.2,7.4,4.7,1.2,1,0,0,15.3,SMK,2.0,1,1,3.96,sangat baik
19,female,5.9,4.8,2.9,3.2,0,2,2,18.1,SMA,1.8,1,0,3.62,sangat baik
20,female,5.2,3.5,3.9,1.5,2,0,0,6.1,SMK,0.7,1,1,3.1,baik
18,male,6.0,6.9,3.0,1.3,2,1,1,14.4,SMK,1.2,1,0,4.0,sangat baik
19,male,4.7,5.5,2.3,3.8,0,1,0,4.7,SMK,0.5,1,0,3.27,baik
19,female,6.4,3.3,4.4,1.2,2,0,2,22.5,SMK,1.2,1,0,3.52,sangat baik
19,male,6.0,7.6,3.2,2.7,2,0,0,5.5,SMA,0.6,1,0,4.0,sangat baik
18,female,5.6,6.5,4.1,1.3,1,2,2,12.5,SMK,1.1,0,0,3.96,sangat baik
18,female,4.0,3.6,2.9,2.8,2,1,2,23.3,SMK,1.7,1,0,3.21,baik
20,female,6.8,3.9,1.3,3.2,1,0,2,20.1,SMK,0.4,1,0,3.58,sangat baik
19,male,6.7,4.6,3.4,3.0,2,1,2,16.0,SMA,1.1,1,0,3.74,sangat baik
18,female,6.7,4.9,3.2,3.7,2,2,2,11.4,SMK,0.7,1,0,3.73,sangat baik
20,male,6.4,3.8,2.2,1.7,2,0,1,5.9,SMK,1.4,1,0,3.82,sangat baik
19,male,6.5,3.6,4.4,1.4,2,0,0,12.7,SMA,0.8,1,0,3.62,sangat baik
19,male,4.8,4.7,1.7,3.7,1,1,2,12.1,SMA,1.9,1,0,3.61,sangat baik
19,female,4.3,4.3,3.9,2.8,0,0,2,4.7,SMA,1.2,1,0,2.99,sedang
19,female,6.7,3.6,1.9,1.5,1,2,0,9.0,SMK,0.6,1,0,3.82,sangat baik
20,female,4.2,4.7,4.2,1.0,0,2,2,10.9,SMA,1.7,1,0,3.58,sangat baik
20,male,4.1,7.6,2.0,2.7,1,0,0,9.7,SMA,1.2,1,0,4.0,sangat baik
18,female,5.5,7.9,2.8,2.7,1,2,0,5.4,SMK,0.6,1,0,4.0,sangat baik
19,female,4.6,4.0,1.1,2.4,2,1,0,19.6,SMA,0.9,1,0,3.53,sangat baik
19,female,5.5,6.8,1.4,2.0,2,2,2,10.0,SMA,0.5,1,0,4.0,sangat baik
18,male,5.7,4.3,1.8,2.5,1,0,2,14.7,SMK,1.8,1,0,3.79,sangat baik
20,male,4.7,6.6,4.4,3.5,0,1,0,10.8,SMA,0.6,0,0,3.26,baik
18,female,6.6,6.2,3.8,3.7,0,2,1,20.8,SMK,0.7,0,1,3.39,baik
18,female,5.2,5.8,2.7,1.9,1,1,0,21.8,SMK,1.0,1,0,3.9,sangat baik
19,female,6.2,6.5,2.6,1.7,1,2,1,24.6,SMA,1.1,1,0,4.0,sangat baik
20,female,6.5,5.6,4.3,2.5,1,0,0,16.6,SMA,1.7,1,0,3.85,sangat baik
18,male,6.0,3.9,4.7,2.3,1,1,1,2.1,SMA,0.3,1,0,3.26,baik
20,female,4.7,4.9,2.2,2.1,0,2,2,15.6,SMA,1.9,1,1,3.6,sangat baik
19,male,4.1,4.3,3.4,1.2,1,2,0,4.7,SMA,1.2,1,0,3.43,baik
18,male,5.2,6.5,3.4,2.4,2,2,1,20.2,SMK,1.4,1,0,4.0,sangat baik
20,male,6.9,7.0,3.8,2.6,1,2,2,20.4,SMK,1.3,1,1,4.0,sangat baik
18,female,6.7,6.2,3.8,1.2,1,2,1,15.1,SMA,2.0,1,0,4.0,sangat baik
20,male,4.9,7.6,4.9,3.8,1,2,1,2.3,SMK,0.9,1,0,3.65,sangat baik
19,male,5.8,4.2,1.5,1.2,0,2,1,18.4,SMK,0.1,1,0,3.71,sangat baik
19,female,5.6,5.1,4.5,2.3,2,1,1,1.5,SMK,1.7,1,1,3.66,sangat baik
20,male,4.2,3.0,1.2,1.3,1,0,0,14.9,SMK,0.5,1,0,3.36,baik
18,male,4.7,3.6,2.4,1.9,1,1,0,2.0,SMK,0.0,1,0,3.06,baik
18,female,5.2,3.6,4.8,3.4,0,2,1,24.6,SMK,1.8,1,1,2.69,sedang
18,female,5.9,6.0,3.1,1.7,1,0,1,1.9,SMA,1.9,1,1,4.0,sangat baik
19,female,6.9,7.4,4.7,4.0,0,2,1,13.4,SMA,1.0,1,1,3.91,sangat baik
18,female,5.6,6.0,3.3,1.3,0,2,2,4.1,SMK,1.8,1,1,3.95,sangat baik
18,male,5.0,7.7,3.9,1.8,2,1,2,18.4,SMK,1.0,0,0,4.0,sangat baik
18,female,4.2,7.4,3.1,3.7,2,1,2,21.7,SMA,1.5,1,1,3.79,sangat baik
18,male,4.5,3.8,2.3,1.7,0,1,2,17.8,SMA,0.4,1,1,3.2,baik
19,male,4.4,4.7,4.0,1.5,1,1,0,13.2,SMK,0.0,1,0,3.33,baik
18,male,5.7,3.6,2.5,1.0,0,2,1,7.8,SMK,0.0,1,1,3.27,baik
18,male,4.3,7.7,3.8,1.2,2,0,1,18.0,SMA,0.9,0,0,4.0,sangat baik
19,female,6.6,7.9,4.9,3.2,2,0,2,2.6,SMA,1.6,1,1,4.0,sangat baik
18,female,4.3,7.3,3.1,3.5,0,1,2,17.3,SMK,1.3,1,1,3.68,sangat baik
18,male,6.8,5.1,3.6,2.2,0,0,2,8.5,SMA,0.6,1,0,3.72,sangat baik
19,male,6.6,5.4,4.9,1.6,0,0,0,4.7,SMK,0.9,1,0,3.69,sangat baik
18,male,4.4,3.2,4.7,2.8,1,2,0,1.0,SMK,1.2,1,0,2.63,sedang
20,female,6.0,4.6,3.4,2.3,0,0,0,2.7,SMK,0.8,1,0,3.48,baik
20,female,6.1,7.3,4.1,1.1,1,2,0,6.8,SMK,2.0,1,0,4.0,sangat baik
19,female,6.3,7.7,1.3,2.6,0,0,1,1.8,SMK,0.2,1,0,4.0,sangat baik
20,female,4.6,6.5,4.3,1.1,0,2,0,18.0,SMK,0.1,1,0,3.94,sangat baik
19,male,5.9,6.9,3.4,2.5,2,1,1,19.8,SMA,1.0,0,0,4.0,sangat baik
19,female,4.2,3.3,2.0,1.5,0,2,1,8.9,SMK,0.9,1,1,3.1,baik
19,male,4.1,6.3,2.3,2.6,2,2,1,10.7,SMK,0.4,1,0,3.82,sangat baik
20,female,5.4,7.3,3.9,3.2,0,1,1,21.8,SMK,1.2,1,0,3.94,sangat baik
19,female,6.4,6.3,5.0,1.9,0,2,0,12.2,SMA,1.7,1,0,3.98,sangat baik
19,female,4.5,4.2,4.9,1.5,0,1,0,11.5,SMA,0.2,1,0,3.18,baik
20,female,4.5,5.0,4.9,1.8,0,0,2,15.1,SMK,1.2,1,0,3.34,baik
20,female,4.7,3.4,1.7,2.6,1,1,0,11.3,SMA,0.5,1,0,3.16,baik
18,male,5.8,4.8,3.1,3.3,2,2,1,5.9,SMK,0.2,1,0,3.43,baik
20,female,4.7,3.3,3.6,1.7,0,0,2,8.6,SMK,1.0,0,0,2.95,sedang
20,male,4.8,5.6,2.4,2.6,2,1,0,4.4,SMK,1.9,1,0,3.94,sangat baik
18,female,4.3,6.4,2.8,3.6,1,2,1,16.9,SMK,2.0,1,0,3.77,sangat baik
20,female,5.7,3.2,4.7,3.1,0,0,2,23.6,SMA,1.7,1,0,2.77,sedang
19,female,6.0,8.0,1.2,3.9,0,0,0,19.8,SMK,1.1,1,1,4.0,sangat baik
19,male,5.3,7.5,4.5,2.0,0,2,0,3.9,SMK,1.1,0,0,3.85,sangat baik
19,male,5.2,6.5,2.6,2.3,0,0,2,6.5,SMA,0.1,1,0,3.76,sangat baik
20,male,5.6,7.8,4.4,3.7,0,1,0,10.1,SMA,0.8,1,0,3.96,sangat baik
20,female,5.2,5.7,4.0,3.1,2,0,0,5.7,SMK,0.0,1,1,3.32,baik
20,female,4.6,5.4,1.8,1.5,0,1,2,23.3,SMK,1.1,1,0,3.86,sangat baik
19,female,6.1,4.4,2.7,1.4,2,2,2,21.6,SMK,1.6,1,0,4.0,sangat baik
19,female,6.4,5.8,1.2,2.9,2,0,2,16.3,SMK,1.0,1,0,4.0,sangat baik
20,male,5.8,5.1,4.4,3.7,0,1,2,19.7,SMK,0.5,1,0,3.07,baik
19,female,5.4,5.9,1.7,3.2,1,0,2,13.8,SMA,0.4,1,0,3.77,sangat baik
20,female,5.6,4.2,2.6,2.8,1,0,1,7.6,SMA,1.2,1,0,3.56,sangat baik
20,female,7.0,3.6,1.4,3.2,1,2,0,2.9,SMA,0.2,1,0,3.48,baik
18,female,4.7,4.8,1.3,2.6,1,0,2,16.4,SMK,0.5,1,0,3.54,sangat baik
19,female,6.0,8.0,3.6,2.7,1,2,1,9.0,SMK,1.2,0,1,3.95,sangat baik
18,male,6.1,4.0,3.1,1.3,0,2,0,8.2,SMK,2.0,1,0,3.7,sangat baik
19,male,5.6,6.1,1.4,3.3,0,0,1,4.8,SMA,0.1,1,0,3.81,sangat baik
18,female,5.1,3.4,4.7,2.7,2,2,1,11.7,SMA,1.2,1,1,2.94,sedang
18,male,5.2,5.5,2.6,2.6,0,2,1,22.1,SMA,1.7,1,0,3.76,sangat baik
19,male,4.2,5.0,1.7,3.1,1,1,1,16.4,SMK,1.6,1,1,3.42,baik
19,male,6.7,7.1,2.3,3.9,1,0,0,9.8,SMK,0.1,0,0,3.92,sangat baik
18,male,5.6,7.8,2.7,1.9,1,1,0,3.5,SMA,1.3,1,0,4.0,sangat baik
20,female,5.7,4.0,1.8,2.5,1,0,2,17.7,SMA,2.0,1,0,3.67,sangat baik
18,female,6.3,4.3,1.7,3.1,0,2,0,6.6,SMA,0.4,1,0,3.55,sangat baik
18,female,6.7,5.2,1.8,2.1,1,1,2,18.6,SMK,1.5,0,0,4.0,sangat baik
20,female,5.3,7.0,3.3,3.0,0,0,0,8.8,SMA,1.7,1,0,3.95,sangat baik
20,male,5.5,7.2,1.4,2.5,1,1,2,10.0,SMK,0.8,1,0,4.0,sangat baik
18,male,4.4,3.5,3.6,3.8,1,0,0,21.2,SMA,0.1,1,0,2.69,sedang
20,male,5.4,4.1,4.6,2.4,0,2,0,18.7,SMA,1.0,1,0,3.25,baik
18,female,6.2,6.3,4.2,1.3,0,0,0,10.3,SMA,0.9,1,1,3.81,sangat baik
18,male,6.0,6.8,2.1,1.1,0,2,0,24.4,SMK,1.3,0,0,4.0,sangat baik
19,female,4.2,7.8,2.9,3.7,1,0,2,24.5,SMA,1.2,1,0,3.92,sangat baik
20,female,5.5,3.6,3.4,1.3,0,1,1,15.7,SMA,1.9,1,0,3.53,sangat baik
20,female,6.7,6.2,2.1,3.4,2,2,0,7.2,SMK,1.1,1,0,4.0,sangat baik
20,female,5.0,6.8,2.1,2.6,0,1,1,4.2,SMA,1.5,1,0,4.0,sangat baik
20,female,4.5,4.7,2.7,3.3,0,2,2,3.5,SMA,0.3,0,0,2.94,sedang
19,male,5.7,7.1,4.0,3.6,2,1,1,5.9,SMA,1.1,1,0,3.99,sangat baik
20,female,6.1,4.9,3.2,2.6,1,1,1,1.8,SMA,1.5,1,1,3.46,baik
20,male,6.5,5.4,3.0,1.4,2,0,1,22.3,SMK,1.2,1,0,4.0,sangat baik
20,male,4.0,6.1,2.4,3.4,0,2,2,12.5,SMA,1.3,0,0,3.5,baik
19,female,5.5,6.0,3.4,1.1,2,0,2,2.8,SMA,0.1,1,0,4.0,sangat baik
19,male,4.6,7.1,3.1,2.1,1,2,0,11.4,SMK,0.2,1,0,4.0,sangat baik
18,male,5.9,5.5,1.7,3.1,2,1,2,18.8,SMA,1.9,1,0,4.0,sangat baik
19,female,5.0,3.1,1.1,3.5,0,1,0,23.3,SMK,1.6,0,1,2.75,sedang
18,male,5.4,5.2,4.7,3.1,1,1,2,22.7,SMA,1.8,1,0,3.3,baik
18,male,4.5,6.1,1.5,3.3,0,0,1,7.8,SMA,0.1,0,0,3.43,baik
19,female,4.8,6.8,2.8,3.3,0,0,2,2.5,SMA,1.8,1,0,3.74,sangat baik
18,female,6.3,3.4,1.9,3.2,2,2,2,10.4,SMA,1.7,1,0,3.59,sangat baik
18,female,6.0,4.0,3.3,2.4,0,0,0,5.4,SMA,0.0,1,0,3.2,baik
18,male,6.6,5.8,3.1,1.3,1,1,2,2.6,SMA,1.4,1,0,4.0,sangat baik
18,female,4.4,6.3,1.9,1.3,2,0,2,14.1,SMK,0.1,1,1,3.78,sangat baik
19,male,6.9,7.0,3.0,2.0,0,1,2,19.2,SMA,1.5,0,0,4.0,sangat baik
20,female,5.5,6.3,4.3,2.1,2,0,2,5.7,SMA,0.4,0,0,3.41,baik
20,female,5.9,4.0,4.6,2.6,1,1,2,15.7,SMA,0.7,1,0,3.26,baik
19,male,4.4,4.0,1.7,3.7,2,0,1,15.8,SMK,0.2,1,1,2.99,sedang
20,male,5.5,3.6,3.9,2.0,1,1,2,16.7,SMA,0.3,1,0,3.18,baik
18,male,6.5,4.0,2.5,3.9,0,0,1,14.0,SMK,1.4,1,0,3.22,baik
18,male,4.8,7.1,4.5,2.6,0,1,1,18.3,SMA,0.8,1,0,3.81,sangat baik
19,male,6.2,6.3,3.5,2.1,0,2,1,24.5,SMA,1.3,1,0,4.0,sangat baik
20,female,4.5,7.3,1.9,3.5,2,2,2,17.7,SMA,1.0,1,0,4.0,sangat baik
20,female,6.3,5.0,4.0,3.7,0,2,0,19.9,SMK,1.3,1,1,3.28,baik
20,male,5.2,4.9,1.9,2.1,1,2,2,24.4,SMK,0.2,1,0,3.85,sangat baik
19,male,6.8,4.4,4.4,1.9,2,2,1,17.8,SMA,1.7,1,0,3.99,sangat baik
18,male,4.8,7.4,1.5,3.1,0,0,1,2.1,SMA,1.1,1,1,4.0,sangat baik
18,female,4.9,4.5,4.0,1.1,1,0,0,15.2,SMK,1.8,1,0,3.68,sangat baik
19,male,5.3,4.3,4.2,2.7,0,0,0,15.4,SMA,0.2,0,1,2.66,sedang
20,male,6.5,7.4,3.3,2.6,2,1,1,19.6,SMK,1.2,1,0,4.0,sangat baik
18,female,6.1,4.2,3.0,1.3,1,0,2,16.7,SMK,1.9,1,0,3.95,sangat baik
18,male,4.8,5.0,4.6,1.0,0,1,1,22.8,SMA,0.5,1,0,3.66,sangat baik
19,male,5.8,4.4,1.8,2.5,1,0,1,2.2,SMA,1.7,1,0,3.68,sangat baik
20,male,6.4,5.9,3.1,1.9,1,0,0,20.6,SMK,0.6,1,0,4.0,sangat baik
20,female,5.5,6.5,5.0,1.4,1,0,0,10.4,SMK,1.5,1,0,4.0,sangat baik
18,female,5.8,4.5,4.3,3.9,1,0,0,16.3,SMA,0.1,1,0,3.1,baik
19,male,6.0,7.0,3.7,1.3,2,0,0,10.7,SMK,0.6,1,0,4.0,sangat baik
18,male,6.0,4.8,3.4,1.0,0,2,1,3.8,SMK,0.3,1,0,3.89,sangat baik
20,female,5.6,3.7,1.0,2.3,2,2,0,3.0,SMK,0.8,1,1,3.72,sangat baik
20,female,5.0,6.6,3.6,3.5,1,2,1,10.7,SMK,0.2,1,1,3.35,baik
20,male,5.4,5.9,4.0,1.3,2,1,2,15.4,SMK,1.4,1,0,4.0,sangat baik
18,female,5.9,3.2,4.0,3.8,2,0,1,16.5,SMA,1.3,1,0,2.79,sedang
19,female,6.5,5.7,4.4,2.7,1,0,2,17.5,SMK,0.3,1,0,3.55,sangat baik
20,male,5.6,3.7,1.4,1.6,2,2,1,10.5,SMK,0.6,1,0,3.78,sangat baik
18,female,6.9,4.6,4.6,2.8,0,0,0,7.9,SMA,1.9,1,0,3.46,baik
19,female,5.6,3.8,3.2,2.6,1,0,2,21.1,SMA,0.7,1,0,3.22,baik
20,female,4.8,7.8,3.2,2.0,2,0,2,4.6,SMK,1.6,1,0,4.0,sangat baik
20,female,6.6,6.1,3.3,2.9,0,2,0,4.6,SMK,1.7,1,1,3.89,sangat baik
19,male,6.2,5.7,4.5,1.4,2,2,0,20.1,SMA,0.6,1,1,3.79,sangat baik
18,female,6.8,5.6,1.4,3.3,1,2,2,10.0,SMK,0.6,1,0,4.0,sangat baik
18,female,5.1,6.6,4.6,2.4,2,2,2,15.2,SMK,1.6,1,1,3.66,sangat baik
18,female,5.3,7.2,4.6,1.2,1,2,2,1.7,SMA,1.9,1,0,4.0,sangat baik
18,male,5.1,7.0,2.1,1.6,0,1,2,24.8,SMA,0.4,1,0,4.0,sangat baik
19,male,5.5,6.7,4.3,3.2,0,0,0,20.7,SMA,1.6,1,0,3.43,baik
19,female,4.2,5.0,2.6,1.2,2,2,1,20.4,SMK,1.9,0,1,3.61,sangat baik
20,female,6.6,6.4,1.5,3.5,1,1,1,18.0,SMA,1.3,1,1,3.92,sangat baik
19,male,4.8,3.1,3.3,3.5,0,0,1,24.5,SMA,1.2,1,0,2.63,sedang
19,female,4.6,6.6,4.5,2.4,1,1,1,12.1,SMK,0.5,1,0,3.57,sangat baik
20,male,6.3,4.4,3.0,1.9,1,1,2,2.3,SMA,1.5,1,0,3.81,sangat baik
19,male,6.3,6.6,3.4,3.7,1,0,1,6.9,SMA,1.5,1,0,3.78,sangat baik
20,male,6.6,5.9,4.6,3.8,2,0,1,10.1,SMK,1.9,0,0,3.46,baik
19,male,5.7,7.7,4.4,3.0,2,2,0,18.1,SMA,1.3,1,0,4.0,sangat baik
19,female,4.8,5.4,3.5,4.0,0,0,1,24.0,SMA,1.0,1,0,3.12,baik
19,female,5.9,6.9,1.0,3.6,0,1,0,20.7,SMK,1.7,1,0,4.0,sangat baik
18,male,6.4,6.8,1.1,2.2,2,1,2,8.6,SMA,1.3,1,0,4.0,sangat baik
19,female,5.7,3.4,1.2,3.0,0,1,1,13.4,SMK,0.5,1,0,3.13,baik
19,male,6.1,7.7,1.1,3.2,1,0,1,7.4,SMK,1.4,1,0,4.0,sangat baik
19,male,6.0,4.6,4.1,3.3,1,2,1,1.4,SMK,1.5,1,0,3.46,baik
19,male,4.7,6.2,3.3,2.7,0,0,2,22.1,SMA,1.4,1,1,3.45,baik
20,male,5.5,5.3,2.6,1.9,2,0,0,23.5,SMA,1.2,1,0,4.0,sangat baik
18,female,4.7,5.7,3.6,2.9,1,0,0,6.4,SMA,0.4,1,0,3.53,sangat baik
19,female,4.9,4.4,4.9,2.6,2,2,2,7.2,SMA,0.7,1,0,3.28,baik
18,male,6.1,6.5,4.7,2.5,0,2,1,11.0,SMA,0.6,1,0,3.74,sangat baik
19,female,6.0,3.4,2.1,3.4,1,1,1,5.3,SMK,0.9,1,1,3.17,baik
18,male,4.4,8.0,3.1,2.2,1,0,2,13.0,SMK,0.8,1,0,4.0,sangat baik
20,female,5.4,7.6,1.7,1.6,1,1,1,5.6,SMA,1.6,1,1,4.0,sangat baik
19,female,6.9,5.0,4.4,3.3,2,1,0,12.0,SMK,1.6,1,0,3.69,sangat baik
18,female,5.5,3.1,1.0,2.1,0,2,2,2.1,SMK,1.6,1,0,3.54,sangat baik
20,female,4.1,5.4,3.6,1.4,0,1,2,23.1,SMK,2.0,0,0,3.58,sangat baik
18,female,5.9,3.5,1.1,1.2,2,2,1,9.6,SMK,1.6,1,0,4.0,sangat baik
19,male,6.7,7.4,4.9,1.1,2,2,0,1.9,SMA,0.1,1,1,4.0,sangat baik
18,female,4.7,5.2,3.9,2.7,0,2,1,21.2,SMA,0.3,1,1,3.08,baik
19,male,6.3,5.4,3.0,1.6,0,0,2,15.3,SMA,0.1,1,0,3.9,sangat baik
19,female,6.8,5.5,2.6,3.4,2,0,1,19.6,SMK,0.7,1,0,3.8,sangat baik
20,female,6.8,5.0,3.2,2.6,0,0,1,9.7,SMA,1.4,1,0,3.71,sangat baik
18,female,4.9,4.2,1.0,3.2,1,2,2,16.4,SMK,0.8,1,0,3.38,baik
18,female,5.1,7.5,4.2,4.0,1,0,1,15.2,SMK,1.3,0,0,3.49,baik
19,male,4.1,4.3,3.1,1.8,0,1,0,9.7,SMK,1.9,1,0,3.59,sangat baik
20,female,5.5,4.8,4.7,3.5,2,2,2,20.3,SMK,0.2,1,1,3.08,baik
18,female,4.8,7.0,1.8,2.0,0,0,2,3.9,SMA,1.5,1,0,4.0,sangat baik
19,male,4.5,6.9,3.9,2.2,2,2,2,1.3,SMA,1.4,1,0,4.0,sangat baik
20,male,5.5,6.5,3.1,2.6,0,0,0,18.2,SMK,1.7,1,1,3.63,sangat baik
20,female,6.6,7.0,3.7,2.9,1,1,2,13.0,SMA,0.1,1,1,4.0,sangat baik
19,female,6.5,7.5,1.0,3.0,0,0,1,10.4,SMK,0.4,1,1,4.0,sangat baik
18,female,4.2,6.9,2.1,2.3,2,1,0,2.7,SMA,0.4,1,1,3.93,sangat baik
19,male,6.2,3.6,4.1,3.4,0,0,1,23.6,SMK,1.8,0,0,2.9,sedang
18,female,6.2,6.5,2.7,2.0,2,2,2,5.9,SMA,1.0,1,0,4.0,sangat baik
19,female,6.1,3.7,3.4,1.5,2,1,2,11.3,SMK,1.4,1,0,3.85,sangat baik
19,female,5.5,4.3,3.7,3.1,1,0,2,7.5,SMK,1.2,1,1,3.37,baik
19,female,5.3,6.1,1.9,3.8,0,2,1,16.0,SMK,0.7,0,0,3.53,sangat baik
18,female,5.4,7.8,2.6,3.5,1,1,1,3.4,SMK,0.0,1,0,4.0,sangat baik
20,female,4.3,7.0,4.4,3.5,2,0,2,1.2,SMK,1.2,1,0,3.69,sangat baik
20,female,4.6,7.4,4.0,1.0,2,0,0,1.4,SMA,0.2,1,0,4.0,sangat baik
19,male,6.2,6.0,3.7,1.2,2,1,1,20.3,SMK,1.6,1,0,4.0,sangat baik
18,female,4.8,7.9,2.2,3.3,0,0,0,15.0,SMK,1.1,1,0,3.97,sangat baik
19,female,6.6,3.2,4.1,2.2,1,2,2,17.9,SMK,0.9,1,0,3.22,baik
20,male,5.8,4.0,3.4,2.2,2,1,2,7.7,SMK,1.4,0,0,3.47,baik
19,male,4.5,3.8,1.3,1.6,0,1,2,18.3,SMK,1.7,1,1,3.59,sangat baik
18,female,5.5,4.8,4.3,3.4,2,1,2,23.9,SMK,0.7,1,0,3.04,baik
20,female,4.7,4.6,4.6,1.2,0,2,2,5.7,SMA,1.7,1,1,3.38,baik
18,female,4.0,4.5,2.8,2.2,1,2,2,11.3,SMK,1.5,1,0,3.47,baik
19,male,4.9,5.7,2.4,2.2,1,2,1,3.9,SMK,1.3,1,0,3.85,sangat baik
20,female,4.2,5.0,1.9,1.7,2,0,0,11.0,SMK,0.9,1,0,3.68,sangat baik
20,female,6.3,4.0,2.3,2.6,0,1,0,13.8,SMA,0.2,1,0,3.31,baik
19,female,5.5,3.6,4.1,3.0,1,0,2,11.1,SMA,0.0,1,0,2.85,sedang
18,male,5.2,7.4,1.9,3.1,0,1,0,13.9,SMK,1.7,1,1,3.89,sangat baik
18,female,5.6,5.6,4.3,2.2,2,2,2,2.8,SMK,0.8,1,1,3.62,sangat baik
19,male,4.2,7.4,2.6,2.6,2,0,0,2.8,SMK,0.8,1,0,3.99,sangat baik
19,male,6.2,6.0,3.8,2.1,2,1,2,18.0,SMK,0.0,1,0,3.88,sangat baik
18,female,5.1,6.2,1.4,1.3,0,0,1,14.2,SMA,1.0,1,0,4.0,sangat baik
20,male,4.5,4.0,4.6,3.2,0,2,2,15.3,SMA,1.3,1,0,2.75,sedang
19,male,6.3,4.5,2.7,3.1,2,0,0,6.2,SMK,0.8,1,0,3.51,sangat baik
19,female,5.4,7.8,2.7,2.6,0,2,2,23.5,SMK,1.3,1,0,4.0,sangat baik
18,female,6.1,4.1,3.4,1.8,2,0,2,20.7,SMK,0.9,1,0,3.7,sangat baik
18,female,5.3,3.2,2.0,1.1,0,2,2,14.4,SMK,0.1,1,0,3.44,baik
19,female,6.7,4.6,4.6,4.0,1,1,1,19.0,SMK,1.6,1,1,3.34,baik
18,male,5.0,7.8,4.6,3.5,1,2,1,8.5,SMK,1.3,1,0,3.79,sangat baik
19,female,6.7,6.5,2.2,1.4,2,1,2,23.5,SMA,0.8,1,0,4.0,sangat baik
20,male,5.3,6.5,2.6,1.7,2,2,2,23.3,SMK,0.7,1,0,4.0,sangat baik
20,female,5.3,5.5,4.4,2.4,1,0,1,2.3,SMA,0.9,1,0,3.56,sangat baik
18,female,5.5,3.3,3.6,3.9,0,1,1,4.7,SMK,1.3,1,0,2.9,sedang
19,female,5.4,6.3,4.3,1.5,1,0,2,5.1,SMA,0.9,1,0,3.95,sangat baik
19,male,5.2,3.8,3.3,1.8,1,1,2,15.2,SMK,0.7,0,0,3.23,baik
19,female,4.3,6.0,4.5,3.6,1,2,2,13.0,SMA,2.0,1,0,3.41,baik
18,male,7.0,3.2,4.6,2.9,2,0,2,21.3,SMA,0.1,1,0,3.09,baik
20,female,5.2,6.3,4.6,1.9,1,2,1,2.7,SMK,0.4,1,0,3.75,sangat baik
20,male,4.4,7.9,4.0,3.9,2,2,1,16.1,SMK,0.4,0,1,3.47,baik
18,female,5.1,4.5,4.9,1.5,2,1,1,21.8,SMK,0.3,0,0,3.28,baik
19,male,4.4,5.9,3.0,1.4,2,1,2,3.0,SMK,0.9,1,1,3.71,sangat baik
19,female,4.8,4.8,1.8,2.0,1,2,0,21.7,SMA,0.6,1,1,3.49,baik
19,female,5.4,6.3,3.2,3.1,2,0,2,20.2,SMA,0.2,1,0,3.71,sangat baik
19,female,6.7,7.4,4.3,2.5,0,0,1,21.9,SMK,0.8,1,1,3.92,sangat baik
20,female,5.7,3.9,2.1,1.7,0,1,1,22.7,SMK,1.2,1,0,3.69,sangat baik
19,female,4.4,4.9,4.2,2.1,2,0,2,21.3,SMK,1.6,1,0,3.43,baik
19,male,5.6,5.9,4.0,2.9,1,1,0,16.1,SMA,1.5,1,0,3.67,sangat baik
20,female,4.6,4.5,1.9,3.8,2,1,2,6.7,SMA,1.8,1,0,3.34,baik
19,male,6.3,5.6,3.8,3.8,1,0,1,20.9,SMK,0.3,0,0,3.27,baik
20,female,5.5,4.1,3.7,2.4,2,0,2,16.0,SMK,0.6,1,1,3.22,baik
20,male,6.3,4.2,3.7,2.7,2,1,1,2.6,SMK,0.0,1,0,3.34,baik
20,male,4.9,4.7,2.2,1.1,2,2,0,16.7,SMK,0.4,1,0,3.94,sangat baik
18,female,6.7,6.7,2.1,1.8,1,0,1,18.2,SMA,1.4,1,1,4.0,sangat baik
20,male,6.5,3.4,5.0,2.6,1,1,2,3.2,SMK,0.3,1,0,2.94,sedang
19,male,5.3,7.6,1.8,1.0,1,1,0,19.0,SMK,1.5,1,1,4.0,sangat baik
18,male,4.0,4.1,3.7,2.2,1,2,2,9.6,SMA,1.5,1,0,3.27,baik
18,female,5.3,6.6,4.8,2.8,0,1,0,18.6,SMA,1.1,1,0,3.69,sangat baik
19,female,5.9,5.9,2.6,2.1,2,2,2,16.8,SMA,1.9,1,0,4.0,sangat baik
20,male,6.1,5.1,3.2,3.8,2,2,0,19.7,SMK,0.2,0,0,3.29,baik
18,female,4.2,6.0,4.0,1.1,1,2,2,5.1,SMA,1.1,1,1,3.68,sangat baik
19,female,5.5,7.0,1.1,3.3,2,1,2,3.8,SMA,0.1,1,0,4.0,sangat baik
18,male,5.7,4.8,4.3,3.5,1,2,0,20.1,SMK,0.3,0,0,3.03,baik
18,female,4.3,5.3,2.9,3.5,1,1,2,4.4,SMA,1.2,1,0,3.25,baik
19,male,6.0,3.4,2.7,2.8,2,0,1,10.8,SMK,0.3,1,1,3.08,baik
18,female,6.8,7.2,1.9,1.7,2,2,2,23.5,SMK,1.3,0,0,4.0,sangat baik
18,female,5.3,7.5,4.8,2.3,0,1,1,13.9,SMA,0.6,1,0,3.96,sangat baik
20,male,4.1,7.5,1.6,1.7,0,1,2,3.3,SMK,0.6,1,0,4.0,sangat baik
20,female,6.8,7.6,3.5,2.9,2,1,1,8.6,SMA,0.1,1,0,4.0,sangat baik
19,male,5.5,3.7,4.3,2.6,1,0,1,3.6,SMK,1.5,1,0,3.32,baik
18,male,4.9,5.9,2.3,1.1,2,1,2,18.1,SMA,1.4,1,0,4.0,sangat baik
20,female,5.0,6.4,4.2,3.8,1,2,2,11.9,SMA,1.6,1,0,3.36,baik
20,male,6.8,3.9,3.5,1.7,2,2,1,19.6,SMA,0.3,1,0,3.59,sangat baik
19,male,6.7,3.4,2.6,1.3,0,0,1,4.8,SMK,0.7,0,0,3.31,baik
19,female,6.6,7.6,2.7,1.2,2,0,2,10.4,SMK,0.1,1,0,4.0,sangat baik
20,male,4.9,3.2,3.4,2.2,2,1,1,2.5,SMK,1.1,1,0,3.2,baik
20,male,4.2,5.1,4.3,3.4,0,0,0,3.1,SMA,0.2,1,0,2.77,sedang
20,female,6.6,3.4,1.8,3.3,0,0,0,18.5,SMA,1.0,1,0,3.22,baik
18,male,6.3,3.8,1.6,1.8,1,1,1,2.4,SMA,0.1,1,0,3.61,sangat baik
18,male,4.7,7.9,2.4,2.0,2,0,2,3.7,SMK,1.3,1,0,4.0,sangat baik
19,female,5.2,3.8,4.0,2.1,1,0,1,1.7,SMA,0.9,1,0,3.1,baik
19,male,6.4,6.3,3.3,3.6,2,2,0,19.4,SMA,0.9,1,0,3.92,sangat baik
19,male,4.1,5.1,2.1,1.4,0,2,1,13.6,SMK,0.5,1,0,3.83,sangat baik
18,female,6.0,6.9,4.2,2.8,2,1,2,24.5,SMA,1.3,1,0,4.0,sangat baik
19,female,6.3,3.0,1.0,2.1,0,0,1,17.6,SMA,0.5,1,0,3.55,sangat baik
19,female,4.8,6.3,1.8,1.4,1,2,2,18.6,SMK,0.7,1,1,4.0,sangat baik
18,female,5.9,7.0,4.4,2.4,1,0,2,14.2,SMK,0.3,1,0,3.76,sangat baik
19,female,5.2,7.0,3.4,1.5,2,0,1,14.1,SMK,1.7,1,1,4.0,sangat baik
18,female,6.7,7.0,3.7,3.0,1,1,2,7.1,SMA,1.5,0,1,3.92,sangat baik
18,male,5.9,6.0,1.1,3.2,0,0,2,14.4,SMK,0.7,1,0,3.82,sangat baik
20,female,6.2,6.9,1.5,1.0,2,2,0,14.3,SMK,0.3,0,1,4.0,sangat baik
18,female,5.5,5.8,3.1,1.3,0,2,1,17.0,SMA,2.0,1,0,4.0,sangat baik
20,female,6.5,7.9,2.6,1.3,0,1,2,20.5,SMK,0.7,1,0,4.0,sangat baik
18,male,6.6,6.0,3.8,2.1,2,0,2,3.9,SMA,1.1,1,1,3.98,sangat baik
18,female,4.1,4.4,2.8,2.9,1,2,2,6.4,SMK,1.1,1,0,3.24,baik
20,female,5.8,5.7,1.3,1.2,2,2,2,14.1,SMK,0.5,1,1,4.0,sangat baik
19,male,4.8,4.5,3.5,3.7,2,1,2,9.8,SMA,1.3,1,0,3.16,baik
19,female,6.3,4.7,4.8,2.6,0,0,0,19.4,SMA,1.4,1,0,3.47,baik
19,female,4.9,4.9,3.2,3.4,1,2,2,9.3,SMK,1.6,1,0,3.35,baik
19,female,4.5,6.3,5.0,2.4,1,0,0,3.8,SMA,1.8,1,0,3.56,sangat baik
19,male,4.2,7.1,4.8,2.9,1,0,0,5.3,SMA,0.5,1,0,3.68,sangat baik
20,male,5.0,3.6,2.6,1.5,0,2,1,2.4,SMA,1.1,1,1,3.15,baik
20,male,4.9,5.6,3.7,2.8,0,1,0,4.4,SMA,0.3,1,0,3.44,baik
18,male,5.6,4.6,2.9,2.5,1,1,1,12.4,SMK,1.3,1,0,3.6,sangat baik
18,male,5.0,7.9,2.3,2.2,1,2,0,11.1,SMK,2.0,0,1,4.0,sangat baik
19,female,6.4,7.8,1.1,3.9,0,2,0,7.7,SMK,0.3,1,0,4.0,sangat baik
20,female,4.6,5.3,4.0,3.7,2,2,1,11.6,SMK,0.4,1,0,3.2,baik
19,female,4.7,7.7,2.9,2.3,0,2,2,24.0,SMK,1.1,1,0,4.0,sangat baik
18,female,6.5,7.1,4.2,1.9,2,1,2,17.0,SMK,0.2,1,0,4.0,sangat baik
20,female,6.2,4.2,3.4,2.2,1,0,0,12.6,SMA,0.8,1,0,3.45,baik
18,male,5.7,5.6,5.0,1.6,1,0,0,2.2,SMA,0.2,0,0,3.44,baik
18,female,5.9,3.2,4.8,3.5,0,0,1,5.1,SMK,0.3,1,0,2.54,sedang
20,female,6.1,6.6,1.2,3.8,2,1,1,17.1,SMK,0.3,0,0,3.83,sangat baik
20,male,5.2,6.3,3.3,1.1,0,1,2,24.2,SMA,1.1,1,0,3.98,sangat baik
19,female,5.9,4.0,3.4,1.3,2,2,2,11.5,SMA,1.3,1,1,3.66,sangat baik
20,female,4.7,7.4,4.3,1.7,0,0,2,18.8,SMA,1.2,0,0,3.78,sangat baik
20,male,5.1,5.6,1.3,1.5,0,1,2,4.4,SMK,0.8,1,0,4.0,sangat baik
20,male,5.7,3.3,3.5,3.3,0,1,2,23.8,SMA,1.8,1,1,2.82,sedang
20,male,5.5,5.1,2.4,2.8,2,2,0,16.7,SMK,0.4,1,0,3.61,sangat baik
20,male,6.5,4.3,2.9,1.1,2,1,2,17.7,SMK,1.1,1,0,3.99,sangat baik
20,male,5.0,7.6,1.2,3.1,1,0,1,1.2,SMA,1.0,1,0,4.0,sangat baik
18,female,5.0,3.5,1.5,2.7,0,2,1,18.1,SMK,0.7,1,0,3.11,baik
18,female,6.6,5.9,4.6,2.8,2,2,2,15.7,SMK,0.6,1,0,3.89,sangat baik
18,female,4.8,4.0,2.0,1.9,0,0,1,15.2,SMK,0.1,1,0,3.37,baik
18,male,4.6,4.4,2.6,3.4,2,2,0,8.4,SMA,0.6,1,0,3.33,baik
18,male,6.7,5.3,3.3,3.0,1,0,0,1.5,SMK,1.5,1,0,3.66,sangat baik
18,male,4.4,3.0,4.6,1.1,0,0,1,22.9,SMK,0.1,1,0,2.9,sedang
20,male,5.9,7.0,1.3,2.2,1,2,0,19.4,SMK,1.4,1,0,4.0,sangat baik
18,male,5.3,6.2,3.9,2.1,2,1,2,16.5,SMA,1.5,1,0,3.93,sangat baik
20,female,5.6,7.6,4.2,3.5,2,0,2,19.4,SMK,0.3,1,0,3.87,sangat baik
20,male,4.7,4.6,4.2,3.6,2,0,0,21.9,SMA,1.6,1,1,3.04,baik
19,male,6.8,6.4,2.3,2.5,2,1,2,3.9,SMA,0.6,1,1,4.0,sangat baik
19,female,6.8,7.4,2.2,3.3,2,0,0,17.9,SMK,1.5,1,0,4.0,sangat baik
20,female,5.5,4.5,4.4,3.9,1,2,2,5.0,SMK,1.7,1,0,3.22,baik
20,male,5.4,7.0,4.9,3.8,2,1,2,21.1,SMA,1.3,1,0,3.86,sangat baik
18,male,4.9,3.7,3.4,1.9,1,2,2,24.1,SMA,1.4,1,0,3.42,baik
18,female,4.4,3.1,3.2,3.9,1,2,1,9.3,SMK,1.0,1,1,2.49,rendah
20,female,4.4,5.1,1.3,2.2,1,0,0,16.9,SMA,1.2,1,0,3.7,sangat baik
19,female,5.9,5.1,2.8,1.8,1,0,2,8.7,SMA,1.2,1,0,3.93,sangat baik
20,male,4.2,4.0,2.7,1.7,0,2,1,21.3,SMK,1.5,1,0,3.4,baik
18,male,4.7,6.5,2.2,1.7,2,2,2,15.9,SMA,1.4,1,0,4.0,sangat baik
19,female,4.3,4.2,4.0,1.8,0,0,1,11.9,SMK,1.5,1,1,3.07,baik
19,male,4.0,6.9,2.8,4.0,1,1,2,19.1,SMA,0.5,1,1,3.42,baik
19,female,4.3,6.5,2.4,1.0,1,2,2,1.4,SMK,1.8,0,1,3.93,sangat baik
19,male,5.7,4.5,2.7,2.1,1,2,1,12.8,SMA,0.7,1,1,3.51,sangat baik
19,male,4.9,4.5,2.3,1.5,1,1,2,16.2,SMK,0.2,0,1,3.35,baik
18,male,4.4,3.9,2.9,3.2,2,0,1,1.3,SMK,1.0,1,1,2.91,sedang
20,male,4.0,7.0,4.9,2.8,2,1,1,23.9,SMK,1.5,1,0,3.66,sangat baik
18,male,5.5,7.0,4.0,2.9,1,2,0,10.6,SMK,1.6,1,0,4.0,sangat baik
20,female,4.8,7.8,4.8,2.1,2,0,2,10.4,SMK,1.9,1,0,4.0,sangat baik
19,male,6.3,6.1,3.5,2.4,0,2,2,22.3,SMK,1.3,1,0,3.93,sangat baik
18,male,5.7,6.4,4.7,2.9,1,1,1,20.5,SMK,0.8,1,0,3.61,sangat baik
18,male,5.6,6.8,3.9,1.6,2,1,1,5.3,SMA,0.2,1,0,4.0,sangat baik
20,female,5.2,3.4,3.3,3.6,0,0,2,3.1,SMK,0.4,1,0,2.6,sedang
18,male,4.0,5.4,1.5,1.9,0,0,0,14.7,SMA,1.2,1,0,3.73,sangat baik
19,female,6.7,5.8,3.1,1.6,0,0,1,5.8,SMK,1.8,1,0,4.0,sangat baik
20,female,6.6,3.2,2.0,2.4,0,2,2,3.1,SMA,1.0,1,0,3.46,baik
18,female,5.3,5.4,2.4,3.7,0,0,0,8.5,SMA,1.5,1,1,3.2,baik
18,female,6.2,5.2,1.1,1.2,1,0,2,9.6,SMK,1.3,1,0,4.0,sangat baik
20,female,4.3,6.0,2.9,1.1,2,2,0,10.5,SMK,1.2,1,0,4.0,sangat baik
19,male,4.8,5.2,1.5,1.6,1,1,0,9.6,SMA,0.7,1,0,3.95,sangat baik
19,female,4.5,6.6,3.4,3.2,1,1,2,9.2,SMA,1.3,0,1,3.38,baik
20,female,5.8,4.6,1.8,2.7,2,1,2,21.4,SMA,0.2,1,0,3.64,sangat baik
20,female,5.3,3.8,3.8,2.6,2,2,0,7.9,SMK,1.0,1,1,3.2,baik
18,male,5.3,7.8,3.9,3.8,2,1,1,2.3,SMK,1.5,1,0,4.0,sangat baik
20,male,5.4,3.3,1.7,3.1,0,1,0,24.3,SMK,1.5,1,0,3.09,baik
20,female,5.5,3.1,2.0,2.2,1,2,0,18.5,SMA,1.6,1,0,3.47,baik
19,male,5.3,6.3,2.8,1.8,0,1,1,23.4,SMK,1.8,1,0,3.94,sangat baik
20,female,4.1,3.2,3.5,1.2,2,1,0,13.4,SMK,1.2,1,0,3.27,baik
20,male,6.3,6.8,2.8,3.5,1,2,1,13.1,SMK,1.5,0,0,4.0,sangat baik
19,male,4.3,5.0,3.5,3.6,0,1,1,9.0,SMA,0.6,1,0,2.99,sedang
19,female,5.2,8.0,4.5,2.7,0,2,0,17.8,SMA,0.6,1,0,4.0,sangat baik
19,male,5.5,3.5,2.7,1.3,1,0,0,5.0,SMA,0.1,1,0,3.23,baik
20,female,4.3,6.8,4.6,3.2,1,0,0,15.5,SMA,0.2,1,1,3.17,baik
19,female,6.3,5.0,4.5,2.9,0,0,0,4.2,SMA,0.6,1,1,3.28,baik
20,female,4.9,3.9,4.0,2.4,2,1,0,2.0,SMK,0.7,1,0,3.17,baik
18,male,7.0,7.2,4.2,2.0,1,0,0,3.1,SMK,1.1,1,0,4.0,sangat baik
20,female,4.4,7.7,4.0,3.8,1,1,2,23.5,SMA,0.6,1,0,3.7,sangat baik
19,male,4.9,5.0,2.0,1.6,1,2,1,2.1,SMA,0.7,1,0,3.8,sangat baik
18,female,5.3,7.3,1.7,3.8,2,0,2,7.6,SMA,1.2,1,0,4.0,sangat baik
18,male,4.9,4.8,3.7,1.4,2,2,2,14.9,SMA,1.3,0,0,3.55,sangat baik
20,male,5.3,6.5,2.6,2.5,1,0,2,20.1,SMA,1.0,1,0,4.0,sangat baik
18,female,6.2,5.9,4.2,3.6,1,1,2,17.7,SMA,0.2,1,0,3.48,baik
18,female,4.3,3.2,3.9,3.6,1,2,1,14.4,SMA,0.1,1,0,2.52,sedang
18,male,6.0,6.1,1.7,2.5,2,0,2,1.2,SMA,0.2,1,1,3.81,sangat baik
20,female,7.0,5.4,1.7,3.7,1,1,1,9.4,SMK,1.4,1,0,3.94,sangat baik
19,male,4.1,3.1,4.1,1.4,2,0,1,12.0,SMK,0.6,1,0,3.06,baik
18,male,5.7,7.0,4.9,1.8,2,1,0,22.5,SMK,0.7,1,1,3.97,sangat baik
19,male,4.8,7.8,1.6,2.7,1,0,0,20.8,SMK,1.4,1,1,4.0,sangat baik
20,female,4.2,3.8,2.8,2.5,2,0,1,8.3,SMK,1.9,1,0,3.38,baik
18,male,5.9,7.7,3.7,2.7,1,1,2,13.9,SMK,0.0,1,0,4.0,sangat baik
20,male,6.2,8.0,2.2,2.6,0,2,0,2.3,SMK,0.3,0,1,4.0,sangat baik
19,male,4.9,3.5,3.7,1.4,1,2,2,1.3,SMA,1.8,0,0,3.23,baik
18,female,5.5,7.0,2.4,3.1,0,0,0,13.1,SMA,0.5,0,0,3.5,baik
19,female,4.2,6.5,3.6,3.6,1,1,2,18.2,SMA,0.7,0,0,3.34,baik
20,female,5.7,6.6,1.5,2.8,1,0,1,9.4,SMK,1.8,1,0,4.0,sangat baik
19,male,4.8,3.6,1.9,1.3,2,0,0,18.9,SMK,0.1,1,0,3.34,baik
19,male,5.5,7.9,2.6,2.3,1,1,0,6.8,SMA,1.4,1,0,4.0,sangat baik
19,female,5.5,7.9,2.1,2.2,2,1,1,21.3,SMA,0.9,1,0,4.0,sangat baik
19,male,4.4,3.3,2.9,1.7,0,1,1,8.0,SMA,0.5,1,0,2.98,sedang
20,male,4.4,7.3,4.5,2.3,0,0,1,9.6,SMA,0.5,1,0,3.77,sangat baik
19,female,6.5,4.8,3.7,1.9,2,0,0,24.8,SMA,1.6,1,0,3.87,sangat baik
20,female,6.4,4.5,2.8,3.2,2,2,0,6.4,SMK,1.3,1,1,3.64,sangat baik
18,female,5.2,5.2,3.3,1.0,0,1,2,18.3,SMA,0.3,1,0,3.69,sangat baik
18,female,5.5,4.6,1.7,2.5,0,1,1,11.7,SMA,1.1,1,0,3.59,sangat baik
19,male,6.1,3.5,4.1,3.4,1,0,2,16.5,SMK,1.7,1,0,3.21,baik
20,female,6.5,3.4,4.5,2.5,1,2,1,11.4,SMK,2.0,1,0,3.15,baik
19,male,4.4,7.4,3.1,2.4,2,0,2,11.5,SMK,0.3,1,0,4.0,sangat baik
19,male,4.8,3.7,2.0,2.2,2,1,0,21.0,SMK,1.4,1,0,3.4,baik
18,male,6.6,3.9,2.7,2.4,0,2,0,25.0,SMK,0.1,1,0,3.43,baik
20,female,5.9,3.6,3.6,3.9,0,2,1,15.1,SMK,0.4,0,0,2.63,sedang
18,male,5.4,3.3,2.7,2.4,0,2,1,7.6,SMA,0.8,1,0,3.23,baik
18,female,6.0,6.6,2.1,1.9,1,2,2,3.5,SMK,0.0,1,0,4.0,sangat baik
18,female,5.3,5.3,1.3,3.0,0,1,1,14.7,SMK,0.3,1,0,3.85,sangat baik
19,male,4.3,7.6,4.3,3.3,1,1,2,16.2,SMA,1.1,1,0,3.7,sangat baik
19,male,5.7,3.9,1.8,1.6,1,2,2,10.5,SMK,0.2,1,0,3.56,sangat baik
20,male,4.8,3.1,3.9,2.9,2,0,0,22.4,SMK,1.4,1,0,2.98,sedang
19,male,6.0,7.3,4.9,2.9,0,1,0,20.5,SMK,1.2,1,0,3.96,sangat baik
19,male,6.2,7.3,2.1,2.9,0,2,0,1.8,SMK,1.9,1,0,4.0,sangat baik
20,female,4.5,4.2,3.0,3.7,0,2,1,19.2,SMA,1.0,1,0,2.85,sedang
20,male,6.1,6.0,4.0,1.9,2,0,2,5.0,SMA,0.0,1,1,3.81,sangat baik
19,female,5.5,4.3,4.7,1.8,1,0,0,23.7,SMK,0.4,1,0,3.46,baik
18,female,4.9,3.9,2.2,1.3,0,2,0,13.4,SMK,1.0,1,0,3.6,sangat baik
20,female,6.2,7.2,3.2,1.3,0,1,1,4.0,SMK,0.7,1,0,4.0,sangat baik
20,female,6.5,8.0,1.7,3.1,1,1,2,17.5,SMK,0.5,1,1,4.0,sangat baik
19,female,4.3,6.9,4.6,2.1,0,2,1,11.5,SMK,0.6,1,1,3.57,sangat baik
18,female,5.4,7.4,2.1,1.0,1,1,0,7.2,SMA,1.4,0,0,4.0,sangat baik
19,female,5.4,3.5,4.6,3.8,2,2,1,15.3,SMK,0.2,0,1,2.53,sedang
18,male,6.4,3.4,2.7,3.0,0,1,0,4.3,SMA,2.0,1,0,3.28,baik
19,male,5.6,4.1,4.1,1.6,0,1,0,9.2,SMA,2.0,1,0,3.42,baik
18,female,4.4,6.3,3.9,3.4,1,0,1,12.6,SMA,0.1,1,1,3.28,baik
20,male,5.1,6.2,1.3,2.1,2,2,0,1.8,SMK,1.3,1,0,4.0,sangat baik
18,female,6.1,4.2,4.6,1.5,1,1,0,6.7,SMK,0.4,1,0,3.45,baik
19,male,4.5,7.8,4.4,3.6,0,2,2,1.5,SMK,1.4,1,0,3.82,sangat baik
19,male,4.0,5.1,3.9,2.3,2,0,2,24.6,SMA,0.8,1,0,3.16,baik
19,male,5.9,7.1,2.7,1.8,0,0,2,11.8,SMK,1.0,1,0,4.0,sangat baik
19,female,4.9,7.3,4.6,1.0,1,2,0,12.8,SMA,0.4,1,0,3.94,sangat baik
19,female,6.5,5.3,2.9,3.8,1,1,2,4.1,SMK,0.8,0,0,3.51,sangat baik
20,male,4.2,5.3,4.4,3.8,1,1,2,13.4,SMK,0.2,1,0,2.92,sedang
18,female,6.1,5.1,2.2,3.9,2,2,0,18.2,SMK,1.6,1,0,3.67,sangat baik
20,male,5.6,8.0,4.2,3.5,1,2,2,6.6,SMA,0.0,1,1,3.73,sangat baik
20,female,5.0,3.0,3.7,3.5,1,0,2,16.6,SMK,1.5,0,0,2.68,sedang
19,female,5.5,7.1,2.6,3.8,1,2,0,17.1,SMK,1.4,1,0,4.0,sangat baik
20,female,5.5,4.0,4.2,3.6,0,0,2,5.4,SMK,1.1,1,1,2.85,sedang
20,female,6.9,3.2,1.6,1.0,0,2,2,2.2,SMA,1.2,1,1,3.6,sangat baik
18,female,5.4,5.5,1.3,3.1,1,0,1,12.6,SMA,0.3,1,0,3.74,sangat baik
18,male,4.3,6.2,4.1,2.8,2,0,0,20.3,SMK,1.6,1,0,3.75,sangat baik
19,male,6.6,5.6,3.7,3.4,0,0,1,21.5,SMK,0.2,0,0,3.24,baik
18,male,6.9,7.5,3.8,1.3,0,1,0,19.3,SMK,1.6,1,0,4.0,sangat baik
18,female,4.4,5.1,1.6,3.1,2,0,1,15.0,SMK,0.2,1,0,3.38,baik
18,male,5.2,7.2,3.0,2.4,2,1,1,2.3,SMK,1.1,1,1,4.0,sangat baik
19,male,5.7,4.2,4.2,2.5,0,1,1,19.6,SMA,0.2,1,0,3.01,baik
20,male,5.0,5.7,3.2,2.1,0,0,1,8.9,SMK,0.6,1,0,3.59,sangat baik
20,female,6.3,4.0,3.8,1.1,2,1,2,9.1,SMA,1.1,1,0,3.83,sangat baik
19,male,6.5,5.1,1.8,1.8,0,1,1,5.7,SMK,1.9,1,0,4.0,sangat baik
19,male,4.4,7.6,3.0,2.4,1,1,1,2.2,SMK,0.2,0,1,3.78,sangat baik
19,male,5.5,3.8,2.1,2.1,2,0,1,5.7,SMA,0.6,1,0,3.47,baik
19,male,6.8,6.2,4.2,2.4,1,2,0,3.8,SMA,1.5,0,0,3.96,sangat baik
20,female,4.2,3.3,1.7,1.1,0,1,2,24.9,SMA,1.3,1,1,3.19,baik
19,female,6.2,7.4,1.2,2.4,0,2,2,2.3,SMA,0.3,0,0,4.0,sangat baik
20,female,6.6,5.9,2.3,3.2,0,0,2,3.6,SMA,0.8,1,0,3.93,sangat baik
19,female,4.9,3.7,1.6,3.1,0,1,2,1.1,SMA,1.3,1,1,3.16,baik
19,female,4.3,7.7,2.0,2.0,1,1,1,4.0,SMK,0.8,1,0,4.0,sangat baik
18,female,4.8,5.6,3.3,1.0,0,1,2,18.0,SMA,0.4,1,0,3.7,sangat baik
19,male,6.3,5.0,3.3,3.7,2,2,2,10.1,SMA,1.7,1,0,3.67,sangat baik
20,male,5.2,6.3,1.9,1.7,2,1,0,19.2,SMA,1.2,1,0,4.0,sangat baik
20,male,6.7,4.4,2.3,1.3,2,2,2,23.0,SMK,1.3,1,1,4.0,sangat baik
20,male,6.6,3.8,4.9,3.5,1,1,1,3.3,SMK,0.6,1,0,3.16,baik
20,female,6.3,6.1,3.4,3.5,2,0,2,13.2,SMK,0.1,1,0,3.81,sangat baik
18,female,4.3,5.7,1.3,1.9,2,2,1,23.8,SMK,0.6,1,1,3.84,sangat baik
19,male,4.9,6.9,2.8,2.5,0,1,1,14.6,SMK,1.0,0,0,3.77,sangat baik
20,female,6.4,4.8,3.1,3.0,0,0,0,23.4,SMK,1.4,1,0,3.55,sangat baik
18,male,5.1,3.4,2.7,2.3,0,0,0,10.8,SMK,0.9,0,0,2.9,sedang
20,male,5.2,4.3,2.7,1.3,0,1,0,7.9,SMK,0.5,1,0,3.53,sangat baik
20,female,4.8,7.9,3.4,3.1,2,2,2,1.9,SMK,1.1,1,1,4.0,sangat baik
18,female,5.4,7.7,3.7,1.2,0,1,0,16.1,SMK,0.5,1,0,4.0,sangat baik
19,female,6.0,4.7,4.7,3.7,0,0,0,18.2,SMA,1.2,1,0,3.22,baik
19,female,5.5,5.7,1.1,1.7,2,2,1,13.2,SMA,2.0,1,1,4.0,sangat baik
20,female,5.9,3.7,2.8,2.7,2,2,1,11.6,SMA,1.1,1,0,3.41,baik
18,female,6.0,5.6,1.1,2.2,0,0,1,6.0,SMA,0.4,1,0,4.0,sangat baik
18,female,6.2,7.0,2.1,3.7,2,1,1,15.1,SMK,0.2,1,0,4.0,sangat baik
18,male,4.8,6.0,3.9,3.8,0,0,1,14.5,SMK,1.1,1,0,3.11,baik
20,male,6.0,4.0,1.6,4.0,1,0,2,7.9,SMA,1.2,0,0,3.16,baik
19,female,5.0,7.5,1.8,2.8,2,2,1,17.4,SMK,2.0,1,1,4.0,sangat baik
19,female,6.6,4.8,2.0,3.8,2,2,1,11.8,SMA,1.6,1,0,3.83,sangat baik
18,female,5.9,5.7,4.0,3.2,2,1,0,15.9,SMA,0.0,1,0,3.55,sangat baik
20,female,5.5,4.4,1.3,3.1,2,0,0,24.2,SMK,0.3,1,0,3.42,baik
20,female,5.6,7.8,3.4,4.0,2,0,2,20.4,SMA,1.5,1,1,3.95,sangat baik
18,female,6.5,7.0,3.0,1.7,0,2,1,6.0,SMK,1.1,1,0,4.0,sangat baik
18,male,6.4,3.9,1.3,4.0,2,2,1,9.6,SMA,1.7,1,0,3.53,sangat baik
18,male,4.8,6.3,4.6,2.4,2,1,1,20.3,SMA,1.9,1,0,3.81,sangat baik
18,female,6.1,6.4,2.0,3.2,2,0,0,13.5,SMA,1.2,0,0,3.88,sangat baik
20,male,4.0,4.4,4.5,2.8,0,0,1,14.8,SMK,0.3,1,0,2.89,sedang
18,male,6.0,4.7,4.0,2.6,0,1,0,2.9,SMA,1.4,1,0,3.51,sangat baik
18,male,6.0,7.6,4.5,2.5,1,1,0,12.3,SMA,0.1,1,0,3.88,sangat baik
19,male,4.9,4.9,4.4,3.2,2,1,0,22.6,SMK,0.9,1,1,3.12,baik
19,female,4.4,3.6,3.1,3.8,2,2,2,3.1,SMK,1.2,0,0,2.67,sedang
19,male,6.2,4.0,2.5,2.5,2,1,0,16.6,SMA,1.6,1,1,3.55,sangat baik
19,female,6.2,5.2,4.3,2.6,0,1,0,16.3,SMK,0.7,1,0,3.45,baik
18,male,5.2,6.4,1.9,2.8,1,2,2,12.9,SMA,0.5,1,0,3.97,sangat baik
20,female,6.6,4.6,1.7,1.7,1,2,1,4.6,SMK,0.1,1,0,4.0,sangat baik
18,female,6.4,4.9,4.2,1.9,2,1,1,20.0,SMA,0.6,1,1,3.79,sangat baik
19,male,5.1,5.7,1.3,3.4,1,2,1,20.3,SMK,1.1,1,0,3.91,sangat baik
19,male,4.9,3.1,1.0,1.7,1,1,1,20.6,SMA,1.9,1,0,3.55,sangat baik
18,female,4.3,4.2,3.8,3.5,2,2,0,4.7,SMK,1.4,1,0,3.15,baik
20,male,6.5,5.1,3.4,1.3,1,0,0,24.1,SMA,1.6,1,0,4.0,sangat baik
18,male,5.2,3.8,3.7,3.1,0,1,0,6.7,SMK,1.9,1,0,3.16,baik
18,female,6.2,7.4,2.7,3.2,2,0,0,7.9,SMK,1.1,1,0,4.0,sangat baik
20,female,6.9,3.9,1.7,3.7,0,0,0,15.4,SMA,1.2,0,1,3.26,baik
18,male,6.6,4.6,1.5,3.6,1,1,2,7.9,SMA,1.5,1,1,3.74,sangat baik
19,female,4.4,5.1,3.2,2.8,0,1,2,23.5,SMK,1.6,1,0,3.33,baik
18,female,4.3,6.4,2.0,1.8,2,0,2,4.6,SMA,0.2,1,0,4.0,sangat baik
20,female,5.6,6.9,4.3,3.9,0,0,2,5.3,SMA,0.2,0,0,3.29,baik
18,male,4.7,7.7,4.4,3.1,2,1,1,24.4,SMK,1.9,1,1,4.0,sangat baik
19,male,5.6,3.6,4.8,1.9,1,0,2,13.3,SMK,1.8,1,0,3.36,baik
18,female,4.9,5.9,3.4,3.2,1,1,1,22.8,SMK,0.4,1,0,3.38,baik
18,male,5.2,7.3,2.7,2.2,2,0,2,1.5,SMA,0.7,1,0,4.0,sangat baik
19,male,4.7,7.4,4.3,1.7,2,2,0,8.6,SMK,0.6,1,0,4.0,sangat baik
18,male,4.2,6.1,2.4,3.6,0,1,1,5.6,SMA,1.5,1,0,3.48,baik
20,male,6.6,3.0,4.7,1.3,0,2,1,16.8,SMA,1.0,1,1,3.05,baik
19,female,5.5,7.5,4.2,1.0,1,1,0,6.5,SMA,0.4,0,0,4.0,sangat baik
20,female,5.1,7.5,1.3,1.2,2,0,2,10.1,SMA,1.5,1,0,4.0,sangat baik
19,male,5.2,7.7,1.2,1.6,2,0,0,10.7,SMK,1.3,1,0,4.0,sangat baik
19,female,4.4,7.7,2.9,2.0,0,1,1,19.2,SMA,0.6,1,0,4.0,sangat baik
20,male,5.7,6.8,1.5,1.7,2,2,1,6.8,SMK,1.8,0,0,4.0,sangat baik
20,female,6.0,6.5,4.8,2.6,0,1,2,23.4,SMA,1.7,1,0,3.9,sangat baik
19,male,5.1,6.3,2.9,1.6,1,1,1,10.9,SMA,1.1,1,0,4.0,sangat baik
18,male,6.0,5.5,3.9,2.1,0,1,0,8.3,SMK,0.9,1,0,3.76,sangat baik
18,female,6.8,4.2,2.0,1.3,1,1,2,17.0,SMK,1.8,1,0,4.0,sangat baik
18,female,5.2,4.7,4.3,1.3,1,0,2,1.4,SMK,0.3,1,0,3.52,sangat baik
20,female,6.6,4.2,1.3,2.1,0,1,0,8.4,SMA,1.7,1,0,3.92,sangat baik
18,female,4.0,3.0,4.2,1.8,1,0,0,11.7,SMK,1.7,1,0,2.91,sedang
18,male,6.6,4.3,3.4,2.5,0,1,1,23.4,SMK,0.8,1,0,3.46,baik
18,male,5.6,7.6,2.9,2.5,1,0,1,6.9,SMA,1.8,1,1,4.0,sangat baik
19,male,4.9,5.2,3.5,2.4,2,2,1,6.8,SMK,1.8,1,0,3.8,sangat baik
20,male,5.9,5.8,4.0,2.0,2,0,1,16.6,SMA,0.0,1,0,3.76,sangat baik
20,female,4.1,8.0,2.9,3.3,0,0,2,9.6,SMK,1.2,1,0,3.93,sangat baik
18,female,7.0,8.0,1.8,1.9,2,1,0,6.9,SMK,1.8,1,0,4.0,sangat baik
20,male,4.3,6.4,1.6,3.4,2,0,2,17.6,SMK,1.1,1,0,3.95,sangat baik
19,male,4.2,6.8,1.3,2.4,1,2,1,7.8,SMK,0.9,1,0,4.0,sangat baik
19,female,6.2,7.3,3.5,3.0,0,1,2,16.7,SMA,0.9,1,0,4.0,sangat baik
19,female,5.5,3.4,2.2,3.0,2,0,1,20.7,SMK,1.2,1,0,3.42,baik
19,male,4.9,5.9,3.9,2.2,0,2,2,18.1,SMA,0.1,1,0,3.46,baik
18,female,6.5,4.7,4.2,2.1,1,0,1,19.5,SMA,0.4,1,0,3.48,baik
18,female,6.3,6.9,1.9,3.8,2,1,0,4.5,SMK,0.5,1,0,4.0,sangat baik
20,female,6.7,4.3,1.9,2.4,1,1,2,9.9,SMK,0.3,1,0,3.78,sangat baik
18,male,4.9,5.5,2.8,3.3,1,2,1,5.1,SMA,0.5,1,0,3.58,sangat baik
18,female,4.3,3.1,3.2,3.9,0,2,0,24.2,SMA,0.5,1,0,2.67,sedang
18,male,6.8,5.1,1.0,2.3,1,0,2,9.1,SMA,0.9,1,1,3.93,sangat baik
19,male,6.7,3.6,3.1,1.9,1,1,2,12.5,SMK,1.1,1,0,3.75,sangat baik
18,male,6.7,4.3,4.6,2.0,1,0,2,24.6,SMK,1.8,1,0,3.6,sangat baik
19,male,6.4,3.4,1.8,2.2,1,2,1,8.7,SMK,1.9,1,0,3.84,sangat baik
19,male,6.6,4.5,1.4,3.3,2,0,1,2.2,SMK,0.2,1,0,3.72,sangat baik
18,female,6.8,7.2,3.9,1.2,0,0,0,16.4,SMA,1.2,1,0,4.0,sangat baik
20,male,5.1,6.2,1.5,2.3,0,0,0,2.0,SMA,1.8,1,0,4.0,sangat baik
20,female,5.1,3.3,5.0,1.1,1,1,0,8.7,SMK,1.7,1,0,3.31,baik
18,male,4.6,7.1,4.0,3.0,2,2,1,14.8,SMK,1.1,1,0,3.91,sangat baik
19,male,6.1,5.4,3.1,1.8,0,1,1,17.2,SMK,1.6,1,0,3.85,sangat baik
20,male,5.5,5.7,1.7,3.3,1,0,0,18.2,SMK,1.4,1,0,3.74,sangat baik
19,female,5.4,4.9,3.0,2.7,0,2,1,13.5,SMA,0.6,1,0,3.56,sangat baik
18,female,4.2,5.6,2.6,2.8,0,2,0,13.0,SMA,1.6,1,0,3.47,baik
19,male,6.9,4.4,2.7,2.9,0,1,1,13.9,SMK,0.6,0,0,3.41,baik
20,female,4.1,6.4,2.2,2.9,2,1,1,13.1,SMA,1.2,1,0,3.85,sangat baik
20,female,5.3,5.2,2.0,3.5,0,1,2,8.3,SMA,0.4,0,0,3.22,baik
20,female,6.1,5.0,2.7,2.4,2,0,2,2.3,SMA,1.8,1,0,3.9,sangat baik
20,female,4.1,7.5,1.8,1.7,0,0,0,16.3,SMA,0.2,1,0,4.0,sangat baik
19,male,6.3,7.2,4.0,1.5,0,2,2,13.9,SMK,0.9,1,0,4.0,sangat baik
18,male,5.0,8.0,4.4,2.8,2,1,0,10.2,SMA,1.7,1,0,4.0,sangat baik
18,male,4.9,4.7,2.2,1.1,1,0,0,21.5,SMK,0.3,1,0,3.7,sangat baik
18,male,5.2,6.4,2.7,3.9,2,0,2,3.6,SMA,0.8,1,0,3.73,sangat baik
19,female,4.6,6.0,3.0,3.6,0,2,1,24.3,SMK,0.6,1,0,3.3,baik
19,male,5.7,3.9,1.9,2.5,2,1,2,12.7,SMA,0.7,1,0,3.65,sangat baik
18,female,4.2,4.8,3.0,2.7,1,1,0,15.7,SMA,1.2,1,0,3.33,baik
20,female,6.5,3.7,2.8,2.5,0,2,1,20.9,SMK,0.6,1,0,3.37,baik
19,male,6.2,7.8,2.8,1.7,1,2,2,23.7,SMA,0.8,1,0,4.0,sangat baik
18,female,5.6,4.2,3.3,3.5,0,2,0,3.7,SMK,1.4,1,1,3.32,baik
18,male,6.5,3.2,2.5,2.6,1,0,1,8.2,SMA,0.8,1,1,3.37,baik
18,female,6.0,5.0,1.0,1.4,0,0,0,11.0,SMA,1.5,1,0,4.0,sangat baik
19,female,6.8,3.2,4.4,4.0,0,2,1,6.0,SMA,0.0,1,0,2.65,sedang
18,male,4.9,7.6,4.4,3.5,2,2,1,20.3,SMK,1.2,1,1,3.84,sangat baik
19,female,5.4,3.2,3.6,1.2,0,2,0,5.5,SMK,1.4,0,0,3.29,baik
18,female,5.3,7.5,4.0,2.5,0,1,1,24.6,SMA,1.3,0,0,3.79,sangat baik
18,female,4.4,5.8,4.6,3.9,0,1,2,7.3,SMK,0.3,1,0,2.92,sedang
19,male,6.3,3.1,4.6,2.7,2,0,0,5.6,SMK,0.2,1,0,2.92,sedang
19,male,4.1,6.1,4.1,2.5,0,1,0,1.8,SMK,1.5,1,0,3.45,baik
20,male,6.6,5.6,3.1,2.7,2,0,0,8.0,SMK,0.5,1,0,3.96,sangat baik
20,male,5.7,6.7,3.0,1.8,0,0,1,18.3,SMA,1.1,1,0,4.0,sangat baik
18,female,6.0,5.1,3.8,2.0,0,0,0,19.0,SMA,1.3,1,0,3.72,sangat baik
20,female,5.7,6.8,3.1,3.5,0,0,1,11.5,SMK,0.6,1,0,3.73,sangat baik
19,male,5.3,7.9,3.2,3.8,1,0,1,4.4,SMA,0.2,1,1,3.7,sangat baik
20,female,6.4,3.9,4.8,2.2,1,2,1,14.5,SMK,1.0,1,0,3.4,baik
19,female,6.4,7.9,2.5,2.3,0,1,1,16.9,SMK,0.3,1,0,4.0,sangat baik
19,female,4.7,6.7,2.0,3.6,1,1,2,2.9,SMK,1.2,1,1,3.71,sangat baik
19,male,5.1,3.5,3.9,2.5,0,1,0,8.2,SMK,1.8,1,0,3.12,baik
18,female,6.4,7.5,3.1,2.4,0,2,2,12.7,SMK,0.7,1,0,4.0,sangat baik
18,female,5.3,6.3,3.9,1.0,1,1,2,17.3,SMA,0.4,1,1,4.0,sangat baik
18,male,7.0,4.6,1.5,1.3,1,1,2,1.5,SMK,0.4,0,0,3.85,sangat baik
18,male,5.8,6.1,3.6,1.2,2,1,0,14.0,SMA,1.4,1,1,4.0,sangat baik
20,male,4.6,5.2,2.6,2.2,1,2,1,22.0,SMK,0.3,1,0,3.51,sangat baik
19,female,5.2,4.2,3.9,1.4,2,0,2,21.8,SMK,0.1,1,0,3.56,sangat baik
19,male,6.1,7.0,2.2,2.5,1,1,2,6.6,SMA,0.3,1,0,4.0,sangat baik
19,male,5.3,7.9,2.2,2.8,0,2,0,8.9,SMA,1.2,1,0,4.0,sangat baik
19,female,5.5,3.2,1.2,2.4,0,2,2,12.9,SMA,1.5,1,1,3.59,sangat baik
18,female,5.5,7.0,2.8,2.5,2,0,1,12.8,SMA,0.5,1,0,4.0,sangat baik
20,female,6.3,6.8,2.9,1.1,0,0,2,10.5,SMA,1.0,1,0,4.0,sangat baik
18,male,5.8,6.8,2.8,2.4,0,1,0,11.5,SMA,1.9,0,0,4.0,sangat baik
18,female,4.8,7.3,4.5,3.3,0,1,0,8.8,SMA,2.0,0,0,3.55,sangat baik
18,female,5.1,5.4,2.5,2.9,0,0,0,4.5,SMA,1.8,1,1,3.42,baik
19,female,6.8,4.4,4.8,1.2,2,2,1,22.5,SMK,1.1,1,1,3.69,sangat baik
20,female,5.4,6.0,1.1,1.8,1,0,1,23.5,SMA,0.5,0,0,4.0,sangat baik
20,male,6.7,5.6,1.6,3.8,0,0,1,7.5,SMA,1.6,1,0,3.68,sangat baik
19,male,5.0,7.2,2.2,3.0,2,0,1,6.5,SMA,0.5,1,0,4.0,sangat baik
19,male,5.9,4.3,2.2,3.1,0,1,1,17.5,SMK,0.2,1,0,3.41,baik
18,female,4.3,6.4,1.2,3.0,0,0,2,13.5,SMK,0.8,1,1,3.56,sangat baik
19,female,5.4,7.5,3.0,3.5,1,0,0,6.5,SMK,0.8,1,0,4.0,sangat baik
19,male,5.1,7.0,4.5,3.6,2,1,2,20.5,SMA,1.1,0,0,3.58,sangat baik
19,male,4.1,6.5,2.8,1.3,2,2,2,12.3,SMA,1.4,1,0,4.0,sangat baik
20,male,6.4,5.0,2.3,1.7,0,1,2,16.2,SMK,0.5,1,0,3.89,sangat baik
18,female,4.5,3.0,2.0,3.5,1,2,1,4.1,SMA,1.4,0,0,2.85,sedang
19,male,4.7,4.2,2.5,1.7,0,1,1,13.8,SMK,1.8,0,0,3.53,sangat baik
20,male,6.4,6.8,2.5,3.9,2,1,2,11.3,SMA,0.4,1,0,3.9,sangat baik
19,male,4.9,7.9,3.7,2.2,2,1,2,8.5,SMA,1.7,1,0,4.0,sangat baik
20,male,6.8,7.3,1.9,3.3,1,1,0,12.4,SMK,1.6,1,0,4.0,sangat baik
18,female,6.9,5.7,2.2,1.4,1,0,2,1.9,SMK,1.1,1,0,4.0,sangat baik
20,female,4.8,5.7,4.3,1.3,2,2,1,21.9,SMK,0.3,1,0,3.73,sangat baik
20,female,4.4,5.1,2.9,2.1,2,1,2,20.3,SMA,0.2,1,0,3.47,baik
20,male,4.9,6.2,2.2,1.7,2,2,0,2.4,SMK,1.7,1,0,4.0,sangat baik
18,female,7.0,4.4,1.6,1.7,0,0,1,8.9,SMK,0.0,1,0,3.81,sangat baik
19,female,5.5,6.4,2.2,2.7,2,1,2,10.8,SMA,1.9,1,0,4.0,sangat baik
19,female,5.3,7.7,2.9,3.6,2,0,0,14.4,SMA,0.8,1,0,4.0,sangat baik
19,male,6.8,7.0,1.7,1.7,2,0,1,14.2,SMA,0.7,1,0,4.0,sangat baik
19,male,4.0,4.6,3.1,2.0,1,0,2,22.8,SMA,0.2,0,0,3.17,baik
19,male,5.2,4.7,3.7,1.6,0,2,2,10.4,SMK,1.6,1,0,3.5,baik
19,female,5.9,5.1,4.4,1.8,2,0,0,3.1,SMA,0.4,1,0,3.56,sangat baik
18,female,6.1,4.7,1.4,1.2,1,0,0,16.6,SMA,0.3,0,0,3.96,sangat baik
18,male,4.1,4.7,4.9,3.6,2,1,1,20.1,SMK,0.3,1,0,2.82,sedang
19,female,6.4,3.5,3.1,3.5,1,2,0,16.5,SMK,0.1,1,0,3.15,baik
18,female,5.5,4.2,1.5,2.8,1,1,2,9.1,SMK,0.8,1,0,3.43,baik
20,female,5.1,3.4,1.7,1.2,2,0,1,9.2,SMA,1.1,1,0,3.81,sangat baik
18,female,4.4,7.5,4.5,2.4,1,1,1,11.3,SMA,0.3,1,0,3.75,sangat baik
18,male,5.4,6.9,4.3,2.7,2,2,1,24.2,SMK,1.5,1,0,4.0,sangat baik
20,male,4.3,5.2,4.8,3.5,1,0,1,9.4,SMA,1.8,1,0,3.21,baik
19,female,6.9,7.3,2.8,1.2,0,2,1,15.6,SMK,1.1,1,0,4.0,sangat baik
20,male,4.7,5.9,2.7,2.5,0,2,2,21.5,SMA,0.5,1,1,3.57,sangat baik
20,male,6.9,6.8,4.9,3.2,2,0,2,14.9,SMK,0.7,1,1,3.66,sangat baik
18,female,5.5,7.7,3.3,2.6,2,0,1,1.1,SMA,0.5,1,0,4.0,sangat baik
20,male,6.3,6.8,4.8,3.7,2,0,2,10.1,SMK,0.9,1,1,3.65,sangat baik
19,male,4.4,4.5,1.5,4.0,0,0,2,18.1,SMK,0.1,1,0,2.89,sedang
20,female,5.9,5.1,2.1,1.6,0,0,1,5.3,SMA,1.4,1,1,3.78,sangat baik
19,male,4.7,4.4,4.6,2.9,2,2,0,23.7,SMA,0.3,1,0,3.08,baik
20,male,6.1,6.8,3.1,2.9,0,1,0,11.5,SMA,1.0,1,0,4.0,sangat baik
18,female,4.1,3.3,1.2,3.7,2,0,1,3.0,SMK,1.3,1,1,2.98,sedang
20,female,6.3,3.1,4.7,1.3,0,0,0,23.5,SMK,0.4,1,1,3.05,baik
18,female,4.4,3.1,4.5,2.7,2,1,1,17.0,SMK,1.4,1,0,2.91,sedang
18,male,4.6,6.3,3.9,3.1,0,0,0,12.6,SMA,0.5,1,0,3.38,baik
19,male,6.4,6.3,1.4,2.5,0,2,0,17.3,SMK,1.3,1,0,4.0,sangat baik
18,female,4.5,3.9,2.1,3.9,1,0,0,4.1,SMA,1.7,1,0,3.08,baik
20,female,5.1,4.9,1.4,3.7,0,2,1,2.6,SMA,0.3,1,0,3.25,baik
20,female,6.5,3.9,4.6,3.0,2,2,2,2.9,SMA,1.0,1,0,3.23,baik
18,male,5.2,4.4,2.1,3.6,0,1,2,8.9,SMK,1.3,1,0,3.23,baik
20,male,5.4,5.4,4.5,3.3,0,2,2,8.4,SMK,0.3,1,0,3.12,baik
18,female,6.2,5.7,3.1,2.0,1,0,2,1.0,SMK,1.0,1,1,3.84,sangat baik
19,male,6.1,4.2,3.6,3.6,2,2,0,11.2,SMA,1.1,1,0,3.44,baik
19,female,6.9,3.5,1.1,1.5,0,2,0,24.7,SMA,1.3,1,0,3.8,sangat baik
20,female,5.4,4.2,4.6,2.6,0,1,2,20.4,SMK,1.6,1,0,3.09,baik
20,male,5.1,4.9,2.7,2.6,0,0,0,11.8,SMK,0.9,0,0,3.19,baik
20,female,6.9,5.5,1.4,2.3,2,1,1,22.1,SMA,0.9,1,0,4.0,sangat baik
20,male,5.7,5.8,3.8,1.5,2,1,1,2.5,SMK,0.4,1,0,4.0,sangat baik
18,male,5.6,3.7,1.0,3.4,2,2,0,9.1,SMK,1.2,1,0,3.52,sangat baik
18,female,5.8,5.6,1.1,3.4,0,2,1,1.1,SMK,0.8,0,1,3.51,sangat baik
18,male,6.5,4.6,1.9,1.8,0,0,2,21.7,SMA,1.3,1,0,3.71,sangat baik
19,female,6.0,5.1,4.6,3.5,0,0,0,22.6,SMA,1.6,1,0,3.29,baik
20,female,5.2,4.1,2.4,1.9,0,2,1,7.0,SMA,0.9,1,1,3.36,baik
19,female,4.2,3.4,3.4,2.8,2,1,1,6.6,SMA,1.5,0,0,2.89,sedang
18,female,4.3,6.0,1.8,1.8,1,2,1,21.5,SMA,0.5,1,0,4.0,sangat baik
20,male,4.1,6.4,3.1,3.7,1,2,1,2.7,SMA,0.1,1,0,3.34,baik
20,male,6.1,4.7,1.4,1.8,1,2,1,20.5,SMK,0.6,1,0,3.97,sangat baik
20,male,5.4,5.5,3.9,1.3,0,0,0,13.2,SMA,1.3,1,0,3.87,sangat baik
19,female,4.4,5.4,4.1,1.8,2,1,1,17.5,SMK,1.7,1,0,3.69,sangat baik
19,female,4.4,4.0,2.6,3.5,1,0,0,18.0,SMA,1.2,1,0,2.97,sedang
19,female,4.9,7.8,3.8,1.4,2,0,0,10.4,SMA,0.5,1,0,4.0,sangat baik
20,female,4.0,6.9,3.7,1.9,0,0,1,19.8,SMK,0.7,1,0,3.73,sangat baik
19,male,6.0,5.2,1.2,3.8,1,0,2,4.5,SMK,1.8,1,1,3.64,sangat baik
18,female,4.2,5.9,3.5,2.5,1,1,1,15.8,SMA,0.0,1,0,3.6,sangat baik
20,female,5.9,6.6,1.9,1.3,2,2,1,3.7,SMK,0.2,1,0,4.0,sangat baik
18,female,5.5,7.7,4.8,3.7,2,1,1,2.5,SMK,0.9,1,0,3.93,sangat baik
20,female,5.8,5.5,1.2,3.8,0,2,0,4.8,SMA,0.7,0,0,3.46,baik
20,female,6.6,6.4,1.4,1.4,1,1,2,19.6,SMA,1.7,1,0,4.0,sangat baik
18,female,6.2,3.6,4.4,3.5,0,0,1,18.3,SMK,0.0,1,1,2.39,rendah
19,male,6.9,5.0,1.9,1.5,2,1,1,16.4,SMK,0.2,1,0,4.0,sangat baik
20,male,4.0,5.8,2.4,2.0,1,1,0,6.1,SMA,0.7,1,0,3.86,sangat baik
18,male,5.7,6.3,3.4,3.2,1,1,2,14.2,SMA,1.4,1,0,3.93,sangat baik
18,male,5.3,5.8,2.3,3.2,2,0,2,19.2,SMK,1.5,1,0,3.98,sangat baik
20,female,6.8,7.1,3.4,1.8,2,0,2,16.0,SMA,0.2,1,0,4.0,sangat baik
18,male,5.7,3.2,1.2,1.8,0,0,2,16.1,SMA,0.7,1,0,3.67,sangat baik
19,male,6.8,5.3,3.6,3.7,1,2,1,3.5,SMA,1.6,0,0,3.49,baik
20,female,6.4,3.6,3.1,1.3,2,0,1,14.5,SMA,0.2,1,0,3.71,sangat baik
19,male,5.7,3.1,3.1,2.2,1,0,1,18.7,SMK,0.4,1,0,3.06,baik
19,female,5.3,5.1,3.7,2.5,0,1,1,13.4,SMA,1.6,1,0,3.58,sangat baik
18,female,5.1,7.7,3.8,1.9,2,2,2,21.5,SMK,1.5,1,0,4.0,sangat baik
20,male,6.5,4.4,4.7,2.1,2,1,0,19.0,SMK,0.8,1,0,3.63,sangat baik
20,male,4.1,7.7,3.8,3.2,0,1,2,19.1,SMK,0.7,1,0,3.74,sangat baik
18,male,6.4,3.2,2.5,1.1,0,1,1,17.9,SMK,1.0,1,0,3.69,sangat baik
20,male,5.0,6.6,1.5,1.9,0,0,0,11.4,SMA,1.0,1,0,3.98,sangat baik
20,female,4.7,3.2,3.5,2.7,2,2,2,21.7,SMA,1.8,1,0,3.14,baik
18,male,6.2,5.9,3.8,3.8,0,0,0,17.6,SMK,1.4,1,0,3.58,sangat baik
20,male,6.0,4.6,2.9,2.9,1,1,1,24.1,SMK,1.0,1,0,3.46,baik
18,female,6.5,6.9,1.7,2.9,0,0,2,16.7,SMK,0.4,1,0,4.0,sangat baik
19,female,6.7,6.2,4.1,2.1,2,0,1,21.5,SMK,0.3,1,0,4.0,sangat baik
19,male,4.2,4.4,1.8,1.7,0,0,2,11.3,SMA,0.8,1,0,3.59,sangat baik
19,male,5.4,8.0,1.9,1.9,0,0,2,12.3,SMK,1.1,1,0,4.0,sangat baik
19,female,6.9,6.4,3.3,3.8,2,1,1,23.4,SMA,0.2,1,0,3.83,sangat baik
20,female,5.1,4.2,3.2,3.4,2,2,2,8.9,SMA,1.1,1,1,3.22,baik
19,female,5.4,5.5,3.1,2.3,2,0,0,12.4,SMA,0.2,1,0,3.91,sangat baik
19,male,6.4,3.8,3.5,2.0,2,0,1,17.7,SMA,1.4,1,0,3.6,sangat baik
19,male,5.5,5.7,4.3,2.2,2,2,2,8.3,SMK,1.5,1,0,3.82,sangat baik
20,male,7.0,4.3,2.0,3.3,2,2,1,16.2,SMA,1.6,0,0,3.61,sangat baik
19,female,4.7,6.4,4.0,1.7,1,0,0,24.4,SMK,1.3,1,1,3.71,sangat baik
18,male,5.5,7.1,4.3,3.8,0,0,1,15.6,SMA,0.9,1,0,3.59,sangat baik
18,male,5.7,7.7,4.6,3.6,1,2,0,7.4,SMK,1.0,1,0,3.96,sangat baik
18,male,4.5,6.8,3.0,3.6,2,2,0,9.4,SMA,1.4,1,0,3.98,sangat baik
20,female,4.7,6.1,3.0,4.0,2,2,1,23.6,SMK,1.5,1,0,3.55,sangat baik
20,female,6.1,6.8,2.8,3.1,0,0,0,18.3,SMA,0.3,1,0,3.98,sangat baik
20,male,6.5,6.8,1.2,4.0,0,0,0,10.5,SMK,0.8,1,0,3.93,sangat baik
20,female,4.6,3.4,4.2,3.5,1,1,0,5.5,SMA,0.2,1,0,2.67,sedang
18,female,6.4,5.9,4.1,1.6,2,0,2,6.9,SMA,1.4,1,1,4.0,sangat baik
20,female,4.0,4.5,3.3,2.1,1,2,2,22.9,SMK,0.5,1,0,3.34,baik
19,male,4.9,6.8,3.2,1.4,2,2,1,5.3,SMA,1.7,0,0,4.0,sangat baik
18,male,5.2,4.2,3.1,1.6,1,0,1,17.1,SMA,1.5,1,0,3.59,sangat baik
19,male,5.6,5.6,4.7,2.6,0,0,0,23.8,SMK,1.6,1,1,3.47,baik
19,female,4.2,4.4,4.7,2.1,0,2,1,8.1,SMA,0.6,1,0,2.97,sedang
18,female,4.1,7.9,3.9,2.0,0,1,1,11.5,SMK,0.7,0,0,3.72,sangat baik
20,female,6.6,6.3,2.4,3.1,0,0,1,20.5,SMK,1.9,1,1,3.78,sangat baik
19,female,6.2,3.6,1.7,1.9,2,0,2,22.1,SMA,0.6,1,0,3.7,sangat baik
19,male,4.0,6.8,1.4,1.2,0,2,0,9.7,SMA,1.0,0,0,4.0,sangat baik
18,male,5.8,4.0,1.3,2.4,0,2,1,23.8,SMA,2.0,1,1,3.51,sangat baik
20,female,4.3,6.0,2.2,1.5,0,2,0,4.4,SMA,0.6,1,0,4.0,sangat baik
19,male,5.6,5.0,2.3,2.8,2,2,1,2.8,SMK,0.9,1,0,3.66,sangat baik
18,male,5.1,6.6,4.9,1.5,0,2,2,11.0,SMK,0.9,1,0,3.88,sangat baik
20,female,4.6,4.5,4.1,1.5,2,0,2,11.0,SMK,0.9,1,0,3.43,baik
18,female,6.8,6.7,3.5,2.9,0,0,1,7.6,SMK,1.0,1,1,3.87,sangat baik
18,female,6.0,6.5,1.0,2.3,0,2,2,10.7,SMK,0.2,0,0,4.0,sangat baik
19,male,5.0,6.6,4.0,1.2,1,1,0,10.7,SMK,0.7,0,0,3.83,sangat baik
20,male,5.2,4.8,4.2,2.5,1,1,0,18.0,SMK,0.3,1,0,3.27,baik
19,female,4.7,5.0,1.1,3.3,0,1,1,12.8,SMA,0.7,1,0,3.4,baik
18,female,5.4,5.0,2.8,3.9,1,0,0,17.5,SMK,1.9,1,0,3.38,baik
18,female,4.8,5.4,4.7,2.2,2,2,1,11.3,SMK,0.5,1,1,3.43,baik
19,male,6.0,4.4,1.8,3.8,0,1,2,20.3,SMK,1.6,1,0,3.49,baik
19,female,4.4,4.9,3.7,3.3,0,0,2,8.6,SMA,1.1,1,1,3.06,baik
19,female,5.1,7.5,4.7,3.8,1,0,0,7.1,SMK,0.5,0,0,3.43,baik
19,female,4.2,5.1,3.3,2.2,2,2,1,17.8,SMA,0.8,1,0,3.59,sangat baik
19,female,5.8,5.4,2.3,3.2,0,1,0,24.1,SMK,0.9,1,0,3.62,sangat baik
18,female,6.5,7.8,2.8,2.2,1,1,0,6.0,SMK,1.8,1,0,4.0,sangat baik
20,male,4.6,6.6,4.2,2.0,1,1,0,21.8,SMK,1.0,1,0,3.79,sangat baik
18,male,4.8,4.1,2.9,2.5,0,2,2,5.1,SMA,1.4,1,0,3.37,baik
19,female,4.5,4.7,3.2,2.7,2,2,2,12.3,SMK,1.6,1,0,3.57,sangat baik
20,female,5.5,6.1,2.6,3.3,1,2,0,21.0,SMA,1.3,1,0,3.91,sangat baik
18,female,5.9,4.7,4.1,2.7,1,2,1,2.9,SMA,0.1,1,1,3.24,baik
20,male,4.4,7.9,4.8,3.7,2,2,1,19.1,SMA,0.5,1,1,3.56,sangat baik
20,female,5.6,5.6,2.0,1.1,2,0,0,10.4,SMK,1.4,1,0,4.0,sangat baik
18,female,4.3,4.1,3.0,1.1,0,0,1,1.9,SMK,1.0,1,1,3.22,baik
20,female,6.8,6.9,1.8,1.4,1,0,0,20.0,SMA,1.5,1,1,4.0,sangat baik
20,female,4.8,6.3,1.1,1.2,1,0,2,19.4,SMK,0.0,1,0,4.0,sangat baik
18,male,6.0,4.0,3.0,3.4,1,1,0,19.5,SMA,1.3,1,1,3.26,baik
18,female,5.8,7.6,1.2,1.5,2,0,1,3.8,SMA,2.0,1,0,4.0,sangat baik
18,female,6.4,3.4,3.5,1.0,2,0,1,13.7,SMA,1.5,1,1,3.69,sangat baik
18,female,4.2,5.8,2.3,1.5,0,0,0,14.4,SMK,1.3,1,0,3.74,sangat baik
20,male,6.7,3.9,2.1,2.6,2,1,1,15.4,SMA,0.2,0,0,3.56,sangat baik
18,female,6.2,5.9,4.3,2.7,1,0,2,17.2,SMA,1.8,1,0,3.9,sangat baik
19,male,7.0,7.0,4.0,3.4,0,1,0,17.3,SMA,1.7,0,0,3.79,sangat baik
20,female,5.4,5.1,4.7,2.0,2,1,0,1.0,SMA,0.3,0,0,3.26,baik
19,female,4.8,7.7,2.5,3.7,0,0,0,15.5,SMK,1.2,1,0,4.0,sangat baik
19,female,7.0,7.2,4.6,3.5,0,2,1,1.1,SMA,0.6,1,0,3.96,sangat baik
18,female,6.0,4.0,1.3,3.5,0,2,0,4.2,SMK,1.8,1,0,3.53,sangat baik
19,female,5.5,4.9,2.0,1.5,2,1,1,19.2,SMK,1.3,1,0,4.0,sangat baik
19,female,4.0,4.8,4.0,2.8,1,0,1,4.3,SMA,0.1,1,1,3.1,baik
20,male,6.3,7.2,2.9,2.2,1,2,2,16.2,SMA,0.7,1,0,4.0,sangat baik
19,male,6.0,4.6,1.3,2.8,0,1,2,20.6,SMK,0.2,1,1,3.52,sangat baik
19,female,5.3,4.3,3.7,3.2,1,0,1,19.0,SMK,1.9,1,1,3.06,baik
18,male,6.7,6.6,4.7,2.0,2,2,2,11.0,SMA,1.1,1,1,4.0,sangat baik
19,female,4.5,3.1,4.6,1.0,1,2,2,17.9,SMA,0.6,1,0,3.08,baik
20,male,6.6,7.5,3.6,2.0,2,0,0,19.5,SMA,1.7,1,1,4.0,sangat baik
18,female,4.7,5.8,4.1,2.9,0,2,2,19.2,SMK,2.0,1,0,3.52,sangat baik
19,female,5.0,3.9,4.3,3.7,0,0,1,1.9,SMK,1.2,1,0,2.82,sedang
18,male,4.7,7.4,4.0,3.7,2,2,0,20.4,SMA,1.3,1,1,3.67,sangat baik
20,female,5.7,4.3,4.6,1.1,2,2,2,1.8,SMK,1.2,1,0,3.67,sangat baik
20,female,4.3,6.3,2.2,2.0,0,2,1,24.2,SMK,0.8,1,0,3.88,sangat baik
20,female,5.9,7.9,2.4,3.1,1,2,2,13.3,SMK,0.6,1,0,4.0,sangat baik
20,male,4.9,3.1,3.5,1.8,0,1,1,23.0,SMK,1.9,0,1,2.95,sedang
20,male,4.2,7.1,3.0,3.5,1,0,2,5.8,SMA,0.2,1,0,3.72,sangat baik
18,female,4.4,6.2,3.3,2.7,1,0,1,23.0,SMK,1.7,1,0,3.75,sangat baik
18,female,6.7,4.2,2.1,1.2,0,1,2,22.6,SMA,1.7,1,0,4.0,sangat baik
20,male,5.2,7.6,1.5,2.3,0,1,1,12.1,SMA,0.0,1,0,4.0,sangat baik
20,male,6.3,5.1,3.5,3.2,2,2,1,10.3,SMA,0.8,1,0,3.65,sangat baik
20,female,4.3,3.1,2.7,1.6,0,0,1,22.3,SMK,0.5,1,0,2.94,sedang
20,male,5.5,6.0,1.8,3.6,0,0,2,16.5,SMK,1.5,1,0,3.89,sangat baik
18,male,5.0,3.6,3.3,3.7,0,0,1,13.1,SMA,0.3,1,0,2.8,sedang
18,female,4.8,3.1,3.2,3.1,2,1,0,11.0,SMA,0.8,1,0,2.88,sedang
20,male,5.4,7.0,3.3,3.3,1,0,0,7.6,SMA,1.1,1,0,3.79,sangat baik
20,male,4.4,6.8,1.4,3.5,1,1,0,7.1,SMK,0.1,1,1,3.57,sangat baik
19,female,4.7,7.5,1.7,1.6,0,0,2,13.3,SMA,1.4,1,0,4.0,sangat baik
19,male,5.2,5.2,4.9,1.3,2,1,2,16.0,SMA,1.7,1,0,3.75,sangat baik
19,female,7.0,5.3,4.0,3.0,0,0,0,4.9,SMA,1.9,1,0,3.75,sangat baik
20,female,6.0,5.4,4.9,3.6,1,1,2,18.7,SMA,1.6,1,0,3.43,baik
19,female,4.8,6.6,4.6,1.7,2,0,1,11.0,SMK,0.6,1,0,3.93,sangat baik
19,female,5.7,3.4,4.2,2.3,0,0,1,23.9,SMK,0.1,1,0,2.9,sedang
19,female,6.4,4.5,3.2,1.9,1,0,1,17.7,SMK,0.3,1,0,3.5,baik
19,female,5.2,6.7,4.9,2.4,0,1,1,23.3,SMK,1.0,1,0,3.62,sangat baik
20,female,4.9,6.8,2.9,2.0,0,1,1,10.0,SMA,0.2,1,1,3.89,sangat baik
19,female,5.0,7.0,1.5,3.9,1,0,2,12.2,SMK,2.0,1,0,4.0,sangat baik
18,male,4.7,7.0,1.2,3.6,1,1,0,9.3,SMA,0.0,1,0,3.94,sangat baik
20,female,6.7,5.7,3.6,2.6,1,1,2,13.1,SMA,1.3,1,0,3.78,sangat baik
18,female,6.9,6.0,2.6,2.9,2,2,1,7.5,SMA,1.2,1,0,4.0,sangat baik
18,male,4.2,4.5,1.8,2.7,1,2,2,16.4,SMA,1.1,1,0,3.5,baik
19,male,5.0,6.9,4.4,2.0,2,2,1,10.0,SMK,0.6,1,1,3.99,sangat baik
20,male,5.5,5.3,2.4,3.1,1,2,1,24.3,SMK,0.5,1,0,3.7,sangat baik
19,male,5.4,8.0,3.9,3.9,0,2,0,8.9,SMA,0.6,1,0,3.75,sangat baik
20,female,5.5,5.6,4.9,3.7,1,2,2,23.6,SMK,0.4,1,0,3.25,baik
19,male,5.7,7.3,4.2,1.4,2,1,2,22.8,SMA,0.7,1,1,4.0,sangat baik
20,male,6.3,4.2,1.2,3.5,1,1,1,13.8,SMA,0.3,0,0,3.39,baik
18,male,6.1,4.5,3.0,3.2,0,2,2,20.0,SMA,0.4,0,0,3.29,baik
18,male,6.1,4.4,1.5,2.7,2,0,0,19.7,SMK,0.7,1,0,3.78,sangat baik
19,female,6.2,6.5,3.1,3.0,1,2,0,10.9,SMK,1.5,1,0,4.0,sangat baik
20,female,5.2,4.5,4.2,2.0,0,2,1,14.5,SMA,1.0,1,0,3.4,baik
18,female,6.3,7.5,2.6,3.9,2,0,1,6.1,SMK,0.8,1,0,4.0,sangat baik
20,female,4.3,7.3,2.2,3.9,2,2,1,23.6,SMK,1.0,1,0,3.87,sangat baik
20,male,5.3,7.6,3.4,2.9,1,2,1,5.6,SMA,0.4,1,0,4.0,sangat baik
19,male,6.5,5.0,5.0,2.4,0,0,0,8.7,SMK,0.2,1,1,3.23,baik
20,male,5.4,5.8,3.4,2.9,0,1,0,17.8,SMK,1.1,1,0,3.49,baik
19,male,6.8,4.7,2.3,3.8,2,0,2,21.9,SMK,1.5,1,0,3.69,sangat baik
20,male,4.8,7.7,3.4,3.4,0,1,0,12.9,SMA,0.0,1,0,3.72,sangat baik
18,male,6.5,5.6,1.8,2.6,1,2,2,6.3,SMA,0.7,1,1,3.92,sangat baik
18,male,6.8,6.6,4.1,1.5,1,0,0,12.4,SMA,1.9,1,0,4.0,sangat baik
18,female,5.5,3.9,3.2,1.8,0,1,1,12.3,SMA,0.1,1,0,3.41,baik
18,male,5.3,6.3,2.0,1.2,1,2,2,22.8,SMK,0.4,1,0,4.0,sangat baik
20,male,6.9,6.0,1.1,2.1,1,0,0,3.5,SMK,0.8,1,1,4.0,sangat baik
19,female,4.1,3.6,1.9,3.4,0,0,2,18.5,SMK,0.7,1,0,2.88,sedang
20,male,5.0,6.6,1.4,3.0,2,2,0,23.6,SMK,1.5,1,0,4.0,sangat baik
19,male,6.9,5.9,2.5,3.8,1,0,1,13.2,SMA,1.8,1,0,3.85,sangat baik
20,male,6.9,5.8,1.1,2.8,2,2,1,9.7,SMK,0.4,1,0,4.0,sangat baik
20,male,5.5,5.0,3.4,1.1,0,2,1,22.1,SMA,1.7,1,0,4.0,sangat baik
19,male,6.2,4.4,4.0,1.1,0,1,2,9.1,SMK,1.4,0,0,3.44,baik
18,male,4.8,4.3,3.6,1.4,1,1,1,15.3,SMK,0.9,1,0,3.44,baik
19,male,6.0,7.0,1.7,2.3,1,2,1,13.1,SMK,1.8,1,0,4.0,sangat baik
19,male,5.9,4.2,4.6,3.6,0,2,0,9.1,SMK,1.6,1,0,2.98,sedang
20,male,4.1,6.5,3.6,2.2,2,1,2,24.7,SMK,0.2,1,0,3.6,sangat baik
19,male,5.6,6.9,2.3,2.1,2,1,0,17.9,SMK,1.2,1,0,4.0,sangat baik
19,female,4.4,5.0,1.4,3.4,1,1,0,1.6,SMA,1.8,1,0,3.46,baik
19,female,4.6,3.3,4.8,2.6,1,0,2,14.6,SMK,0.8,1,0,2.83,sedang
18,male,4.9,3.6,4.4,2.8,0,1,1,24.5,SMK,1.4,1,1,2.83,sedang
20,male,6.4,4.4,3.2,3.1,2,2,1,23.8,SMK,0.7,1,0,3.36,baik
19,female,6.2,8.0,5.0,3.2,0,0,2,11.8,SMK,1.1,1,1,3.87,sangat baik
20,male,5.3,5.8,2.6,1.6,2,2,2,16.5,SMA,0.5,1,0,4.0,sangat baik
20,female,5.1,6.1,1.6,1.2,1,2,2,8.5,SMA,1.0,1,0,4.0,sangat baik
19,male,4.9,3.8,3.6,3.8,0,2,2,1.1,SMK,1.3,1,1,2.73,sedang
19,male,5.9,5.3,4.9,3.0,2,0,0,3.6,SMA,1.8,1,0,3.5,baik
18,female,4.1,4.5,3.3,2.3,0,2,1,22.7,SMA,0.4,0,0,3.1,baik
20,female,6.9,7.6,4.8,3.5,2,2,1,6.3,SMA,2.0,1,0,4.0,sangat baik
18,female,4.6,3.2,4.8,3.8,0,1,1,14.4,SMA,1.7,1,0,2.33,rendah
19,male,5.1,3.9,4.7,1.3,1,1,2,10.3,SMK,0.8,1,1,3.16,baik
19,female,5.3,7.7,3.9,2.4,1,1,1,15.2,SMK,1.8,1,0,4.0,sangat baik
20,male,6.1,3.9,3.4,3.5,2,2,2,13.4,SMA,1.8,1,1,3.36,baik
18,male,5.8,4.6,1.2,3.8,2,2,2,17.2,SMK,2.0,0,0,3.56,sangat baik
20,female,6.6,7.6,3.7,3.8,1,0,2,22.5,SMK,0.1,1,0,4.0,sangat baik
20,female,5.4,5.8,1.6,2.4,1,2,2,12.7,SMA,0.4,0,0,3.86,sangat baik
20,female,6.9,7.4,2.0,1.4,0,1,2,18.1,SMK,0.1,1,0,4.0,sangat baik
18,female,4.1,3.7,3.6,3.4,2,1,1,11.8,SMA,0.8,1,0,2.84,sedang
19,female,6.2,3.2,3.6,1.7,0,0,2,13.2,SMA,1.1,1,1,3.11,baik
20,female,5.5,5.2,4.2,1.0,2,0,2,4.2,SMK,1.6,1,0,4.0,sangat baik
20,female,5.3,5.4,4.1,1.3,2,0,0,18.8,SMK,1.5,1,0,3.79,sangat baik
20,male,4.9,6.5,4.3,3.2,0,1,1,9.5,SMA,1.9,1,0,3.78,sangat baik
19,female,6.0,6.2,1.8,1.1,0,0,0,20.6,SMA,0.8,1,1,4.0,sangat baik
18,female,4.6,4.9,3.5,1.1,1,0,1,16.4,SMA,1.8,1,0,3.78,sangat baik
19,male,6.0,5.8,1.6,1.9,2,1,1,19.9,SMA,0.2,1,0,4.0,sangat baik
19,male,4.1,6.4,2.9,2.0,1,2,2,20.5,SMK,0.3,1,0,3.84,sangat baik
18,female,6.8,3.9,3.7,3.0,2,2,1,21.0,SMK,1.5,1,0,3.44,baik
20,male,4.7,3.3,3.5,2.3,0,2,2,9.1,SMK,1.1,1,0,2.94,sedang
18,male,4.1,6.6,4.6,3.4,1,1,2,3.2,SMK,1.3,1,0,3.37,baik
19,female,6.5,4.8,1.3,2.9,1,2,0,8.9,SMK,1.0,1,0,4.0,sangat baik
19,female,7.0,3.0,2.7,1.8,0,2,1,4.4,SMA,1.4,1,0,3.42,baik
20,male,4.9,3.3,1.2,2.3,1,2,2,2.6,SMA,0.8,1,1,3.12,baik
18,female,6.5,3.1,3.5,2.2,2,0,0,3.7,SMK,1.3,1,0,3.24,baik
20,male,5.4,5.7,3.7,1.1,1,0,0,5.1,SMK,0.9,1,0,3.78,sangat baik
19,male,5.0,6.0,4.9,3.9,0,2,2,22.6,SMA,1.1,1,1,3.04,baik
18,female,4.1,7.1,3.2,2.0,1,2,2,6.0,SMK,0.6,1,1,3.99,sangat baik
20,male,4.3,3.7,2.2,1.8,2,2,2,19.3,SMK,0.5,1,1,3.3,baik
19,female,5.9,4.1,1.2,2.8,1,2,1,6.4,SMA,1.8,1,0,3.72,sangat baik
20,female,5.4,3.7,3.7,1.6,1,1,1,16.5,SMA,0.6,1,1,3.23,baik
20,female,5.4,7.0,3.9,1.9,1,2,0,19.7,SMA,1.2,1,0,4.0,sangat baik
19,female,4.0,6.4,1.1,3.1,2,2,2,3.8,SMK,1.7,0,1,3.81,sangat baik
19,female,6.1,7.6,2.4,2.5,1,1,2,15.2,SMA,1.5,1,1,4.0,sangat baik
20,female,5.1,7.8,4.8,1.4,0,0,1,18.4,SMK,0.4,1,0,4.0,sangat baik
20,female,6.4,3.7,1.4,3.8,2,1,1,19.5,SMK,0.9,1,0,3.51,sangat baik
18,male,5.7,4.3,1.6,1.7,1,1,1,11.4,SMA,0.3,1,0,3.67,sangat baik
20,male,5.4,4.1,1.8,2.3,0,1,1,1.4,SMK,1.4,1,0,3.46,baik
20,male,5.2,3.1,1.7,3.0,0,1,1,16.2,SMK,0.3,1,0,3.15,baik
18,female,5.6,3.7,2.8,3.6,0,2,2,15.2,SMA,0.4,1,0,3.0,sedang
19,female,4.2,3.5,2.7,1.9,2,0,2,15.3,SMK,0.6,1,0,3.2,baik
18,male,6.8,5.7,4.3,2.1,0,0,2,1.2,SMA,1.0,1,0,3.78,sangat baik
18,male,5.9,7.4,2.7,2.0,1,0,2,3.8,SMA,0.6,1,0,4.0,sangat baik
20,female,6.7,5.1,1.1,3.6,0,1,2,1.6,SMA,0.8,1,0,3.6,sangat baik
19,female,5.7,3.7,3.2,2.0,0,1,2,1.8,SMA,0.3,1,0,3.18,baik
20,male,4.2,4.1,5.0,2.3,0,1,0,24.7,SMA,1.6,1,0,2.82,sedang
18,male,5.7,3.8,2.6,2.0,1,1,0,23.6,SMK,1.4,1,1,3.4,baik
18,male,6.4,5.7,3.2,1.2,0,1,1,12.0,SMK,1.4,1,0,4.0,sangat baik
19,female,6.5,7.4,1.6,2.0,2,2,2,1.1,SMA,1.9,1,0,4.0,sangat baik
19,male,5.9,4.9,1.6,3.1,0,1,2,1.4,SMA,0.4,0,0,3.35,baik
20,male,6.9,4.0,1.4,1.4,0,1,0,10.4,SMA,1.7,1,0,4.0,sangat baik
20,male,6.5,3.6,4.2,2.4,0,1,0,13.2,SMK,1.9,1,1,3.22,baik
18,female,5.4,6.8,3.1,1.7,2,0,2,9.1,SMK,0.7,1,0,4.0,sangat baik
19,male,6.4,4.3,1.0,2.5,2,2,0,20.4,SMK,1.0,1,0,3.85,sangat baik
20,male,4.3,4.3,4.6,3.1,2,1,2,6.9,SMA,0.7,1,0,3.01,baik
18,female,6.9,4.6,2.9,3.4,2,1,1,4.1,SMA,0.4,1,0,3.55,sangat baik
20,female,5.9,7.7,1.5,1.3,2,1,1,6.0,SMA,1.9,0,0,4.0,sangat baik
19,female,4.1,7.6,1.6,2.7,2,0,2,15.4,SMK,1.1,1,0,4.0,sangat baik
19,female,4.8,3.4,1.6,3.1,1,0,0,15.7,SMK,1.2,1,0,3.04,baik
19,male,5.5,7.4,4.5,1.1,2,2,1,10.7,SMK,0.0,1,0,4.0,sangat baik
19,male,6.3,5.1,1.2,1.5,2,0,0,8.2,SMA,1.7,1,0,4.0,sangat baik
18,female,4.6,3.2,2.2,3.1,0,2,2,1.5,SMK,0.7,1,0,2.87,sedang
18,female,5.7,4.8,1.3,3.7,2,0,1,7.5,SMK,1.9,1,0,3.68,sangat baik
18,female,4.3,5.2,3.9,1.5,0,1,0,2.1,SMK,0.3,1,0,3.41,baik
20,male,5.5,3.5,2.4,1.4,1,0,1,2.7,SMK,0.5,1,0,3.51,sangat baik
19,male,5.7,4.9,2.1,3.0,1,1,0,7.1,SMA,0.6,1,1,3.7,sangat baik
19,female,6.9,4.0,4.3,2.7,0,1,2,18.0,SMA,0.4,1,0,3.21,baik
18,female,6.4,4.4,4.5,3.5,0,1,2,8.7,SMK,0.9,1,1,2.94,sedang
19,male,6.7,3.3,4.5,3.1,0,0,0,15.0,SMA,1.9,1,0,3.07,baik
20,male,6.7,5.5,3.8,1.3,0,2,2,16.3,SMK,0.9,1,0,4.0,sangat baik
19,female,4.7,4.1,4.9,1.9,0,0,1,10.2,SMA,0.4,1,1,2.83,sedang
18,male,4.3,6.7,4.0,3.0,1,0,0,21.3,SMK,1.3,1,0,3.76,sangat baik
20,female,5.4,3.7,2.6,1.5,1,2,1,24.8,SMK,2.0,1,0,3.66,sangat baik
18,male,5.5,6.5,4.9,1.9,1,2,2,13.4,SMA,1.1,1,0,4.0,sangat baik
19,male,5.8,7.5,1.8,3.4,2,1,2,6.8,SMK,1.8,1,0,4.0,sangat baik
19,male,6.3,7.6,3.1,1.3,2,0,0,21.2,SMK,0.5,0,0,4.0,sangat baik
18,female,6.9,3.3,4.6,3.4,1,0,2,23.4,SMK,0.7,1,1,2.7,sedang
20,male,6.4,5.0,3.3,3.4,1,0,0,20.9,SMA,1.4,1,0,3.58,sangat baik
20,female,6.2,6.5,3.9,2.4,0,0,1,16.0,SMK,1.7,1,1,3.86,sangat baik
20,female,5.5,3.7,1.5,3.1,0,2,1,18.2,SMK,0.2,1,0,2.94,sedang
18,female,5.1,5.2,1.3,3.4,0,0,2,12.5,SMA,1.1,1,0,3.64,sangat baik
20,female,6.9,6.4,2.7,3.1,2,2,1,6.5,SMA,0.2,1,1,4.0,sangat baik
19,male,5.5,7.9,4.5,4.0,2,1,1,20.8,SMK,0.5,0,1,3.81,sangat baik
19,male,6.2,5.3,2.3,3.6,2,1,2,18.8,SMK,1.6,1,0,3.94,sangat baik
19,female,5.2,3.5,2.9,1.3,2,0,0,21.6,SMK,1.8,1,0,3.58,sangat baik
18,male,5.0,3.7,1.6,3.1,2,1,2,21.3,SMA,1.7,1,0,3.37,baik
18,male,5.9,3.8,4.4,2.3,0,0,0,7.6,SMK,0.3,0,0,2.83,sedang
20,male,4.8,3.9,4.1,3.8,0,2,0,21.1,SMK,1.4,1,0,2.73,sedang
19,male,6.6,4.5,4.8,2.0,1,2,2,6.8,SMK,1.5,1,1,3.63,sangat baik
18,male,6.4,3.6,4.7,3.5,0,1,0,7.3,SMK,0.4,1,1,2.77,sedang
19,female,4.2,5.0,3.3,3.6,0,2,1,2.5,SMA,1.5,1,0,3.16,baik
19,female,4.1,7.8,1.9,1.1,2,2,1,14.4,SMA,0.4,1,0,4.0,sangat baik
20,female,5.4,6.6,1.4,2.2,2,0,1,4.8,SMA,0.6,1,0,4.0,sangat baik
20,male,5.2,5.0,1.9,1.1,1,1,1,20.0,SMK,1.2,1,1,3.99,sangat baik
19,male,6.0,5.0,3.2,2.9,1,1,0,11.0,SMK,0.3,1,0,3.49,baik
19,male,5.3,6.4,1.1,2.8,0,2,1,6.1,SMA,0.1,1,0,3.98,sangat baik
18,male,5.3,4.3,4.0,2.9,2,0,1,21.4,SMK,1.2,1,0,3.32,baik
20,male,5.1,3.6,1.1,1.3,1,2,2,21.3,SMK,1.5,1,0,3.83,sangat baik
18,male,6.9,6.9,4.7,3.1,1,0,1,2.8,SMA,0.9,1,0,3.86,sangat baik
19,male,6.5,3.8,2.3,2.6,1,2,0,14.9,SMA,0.4,1,0,3.61,sangat baik
18,female,4.8,3.6,1.5,2.0,1,1,0,3.5,SMA,1.7,1,1,3.33,baik
18,female,5.4,3.8,4.8,3.3,0,1,0,11.2,SMA,1.8,0,1,2.64,sedang
18,male,5.0,5.6,4.1,3.5,1,1,1,16.1,SMA,1.1,1,0,3.42,baik
18,female,5.3,4.4,1.4,1.2,2,1,0,16.9,SMK,1.4,0,0,3.91,sangat baik
20,male,6.4,5.8,4.4,2.6,0,1,0,2.7,SMK,1.4,1,0,3.51,sangat baik
20,male,4.6,4.3,1.2,3.9,1,0,2,12.5,SMA,1.8,1,0,3.34,baik
18,male,4.4,6.8,1.3,1.0,0,0,1,22.5,SMA,1.6,1,0,4.0,sangat baik
18,female,5.5,3.6,1.0,3.0,1,0,1,2.8,SMA,0.1,1,0,3.48,baik
20,female,5.1,5.3,2.9,1.8,0,1,0,15.8,SMK,2.0,1,0,3.88,sangat baik
19,female,5.5,5.6,4.0,1.1,2,1,0,4.2,SMK,1.8,1,0,4.0,sangat baik
20,male,4.6,7.9,3.7,3.3,2,0,0,1.2,SMA,1.4,1,0,4.0,sangat baik
18,female,6.9,5.1,4.1,1.3,0,0,0,5.0,SMK,1.6,1,0,3.94,sangat baik
19,male,4.2,7.7,3.8,2.0,1,0,2,15.4,SMA,1.3,1,0,3.96,sangat baik
19,male,5.5,4.7,2.5,3.7,1,1,0,24.7,SMA,0.9,1,1,3.31,baik
18,male,5.5,5.2,4.8,1.6,2,1,2,7.9,SMK,0.9,1,1,3.5,baik
18,female,6.2,6.1,3.7,2.1,1,1,0,12.1,SMA,0.0,1,0,3.74,sangat baik
20,female,6.9,5.2,4.9,1.4,2,1,2,3.7,SMA,1.8,1,0,4.0,sangat baik
18,male,4.6,5.5,4.2,1.5,0,0,2,9.2,SMA,1.3,1,1,3.49,baik
20,female,6.4,3.3,1.8,3.0,0,2,1,14.1,SMA,1.9,1,0,3.57,sangat baik
19,female,6.3,4.7,3.5,1.2,2,1,0,9.5,SMA,0.6,1,0,3.92,sangat baik
18,female,6.9,5.8,1.7,3.8,1,1,2,17.6,SMA,1.2,0,0,3.79,sangat baik
19,male,5.4,4.0,4.0,2.4,0,1,2,23.6,SMK,1.3,1,1,3.05,baik
18,male,5.8,6.7,1.0,1.8,0,0,2,16.3,SMK,0.6,1,0,4.0,sangat baik
20,female,5.5,7.9,3.6,3.6,1,2,1,5.3,SMK,0.0,1,0,4.0,sangat baik
19,male,5.1,7.9,2.7,1.5,0,2,1,21.0,SMK,0.9,1,0,4.0,sangat baik
20,female,5.5,4.7,1.7,1.7,1,1,2,4.7,SMK,1.2,1,0,3.92,sangat baik
20,female,7.0,6.5,2.2,3.6,2,1,1,14.6,SMK,1.6,1,0,4.0,sangat baik
19,male,4.9,3.9,4.0,4.0,1,2,1,11.4,SMA,1.2,1,0,2.81,sedang
20,female,6.1,6.4,2.2,2.0,2,1,0,6.1,SMA,0.7,1,0,4.0,sangat baik
19,female,4.2,6.7,1.8,2.2,2,1,0,15.0,SMA,0.6,1,0,4.0,sangat baik
19,female,4.4,3.4,5.0,3.0,0,1,2,21.2,SMK,1.6,0,0,2.41,rendah
20,female,4.7,5.3,2.0,1.2,1,2,1,7.5,SMK,0.6,1,1,3.94,sangat baik
